Rank,Name,Count
1,Noah,"4,525"
2,Oliver,"4,167"
3,George,"4,141"
4,Arthur,"3,766"
5,Muhammad,"3,722"
6,Leo,"3,465"
7,Harry,"3,089"
8,Oscar,"3,071"
9,Archie,"2,928"
10,Henry,"2,912"
11,Theodore,"2,889"
12,Freddie,"2,873"
13,Jack,"2,847"
14,Charlie,"2,674"
15,Theo,"2,514"
16,Alfie,"2,338"
17,Jacob,"2,319"
18,Thomas,"2,302"
19,Finley,"2,283"
20,Arlo,"2,154"
21,William,"2,093"
22,Lucas,"1,965"
23,Roman,"1,923"
24,Tommy,"1,901"
25,Isaac,"1,888"
26,Teddy,"1,875"
27,Alexander,"1,830"
28,Luca,"1,807"
29,Edward,"1,806"
30,James,"1,772"
31,Joshua,"1,737"
32,Albie,"1,729"
33,Elijah,"1,657"
34,Max,"1,650"
35,Mohammed,"1,619"
36,Reuben,"1,534"
37,Mason,"1,517"
38,Sebastian,"1,516"
39,Rory,"1,483"
40,Jude,"1,482"
41,Louie,"1,461"
42,Benjamin,"1,423"
43,Ethan,"1,398"
44,Adam,"1,367"
45,Hugo,"1,325"
46,Joseph,"1,307"
47,Reggie,"1,287"
48,Ronnie,"1,285"
49,Harrison,"1,254"
50,Louis,"1,240"
51,Ezra,"1,226"
52,Jaxon,"1,210"
53,Logan,"1,192"
54,Daniel,"1,150"
55,Zachary,"1,146"
56,Samuel,"1,123"
57,Dylan,"1,099"
58,Albert,"1,091"
59,Hudson,"1,069"
60,Hunter,"1,042"
61,Frederick,"1,017"
62,David,961
63,Rowan,938
64,Jesse,929
65,Frankie,920
66,Toby,918
67,Oakley,908
68,Grayson,903
69,Carter,825
70,Riley,817
71,Felix,807
72,Finn,788
73,Bobby,772
74,Blake,771
75,Sonny,762
76,Caleb,758
77,Gabriel,749
77,Michael,749
79,Jasper,742
80,Alfred,739
81,Otis,737
82,Stanley,724
83,Milo,719
83,Mohammad,719
85,Ralph,692
86,Liam,690
87,Chester,680
88,Ellis,670
89,Elliot,664
90,Brody,645
91,Charles,639
91,Kai,639
93,Rupert,631
94,Yusuf,628
95,Harvey,627
96,Ollie,613
97,Jackson,607
98,Tobias,596
99,Nathan,595
100,Myles,592
101,Leon,590
102,Ibrahim,580
103,Jenson,579
104,Jayden,576
105,Eli,570
106,Ryan,569
107,Elliott,564
108,Jake,553
109,Elias,547
110,Ruben,540
111,Miles,533
111,Musa,533
113,Beau,507
114,Dominic,504
115,Harley,501
116,Leonardo,498
117,Luke,496
118,Jax,485
119,Aaron,481
119,Austin,481
121,Vinnie,477
122,Alex,474
123,Matthew,472
124,Aiden,469
125,Patrick,456
126,Cody,449
126,Joey,449
128,Billy,446
129,Marley,444
130,Robin,443
131,River,442
132,Eric,437
133,Dexter,427
134,Vincent,425
135,Jaxson,420
136,Jonah,419
136,Lewis,419
138,Axel,411
139,Levi,408
140,Bodhi,404
141,Ali,399
142,Rex,396
143,Parker,395
144,Robert,394
145,Cooper,393
146,Ayaan,390
147,Wilfred,388
148,Remy,385
149,Owen,384
150,Brodie,381
151,Enzo,380
152,Yahya,377
153,Lenny,373
154,John,359
155,Tyler,358
156,Muhammed,354
157,Nathaniel,346
158,Evan,343
159,Jamie,342
160,Zakariya,334
161,Kit,332
162,Otto,326
163,Maxwell,325
164,Lincoln,324
164,Phoenix,324
166,Nicholas,321
167,Zayn,320
168,Lorenzo,319
168,Maximilian,319
168,Sidney,319
171,Idris,317
172,Isaiah,316
173,Joel,310
174,Archer,308
174,Xander,308
176,Asher,305
177,Seth,302
178,Abel,301
179,Rocco,294
180,Connor,293
180,Eesa,293
180,Finlay,293
180,Maximus,293
180,Raphael,293
180,Rio,293
186,Callum,292
187,Filip,290
188,Aidan,289
188,Kayden,289
188,Rafael,289
191,Christopher,287
192,Frank,285
192,Kevin,285
194,Cameron,284
195,Syed,279
196,Abdullah,278
196,Matteo,278
198,Hamza,275
199,Spencer,273
199,Ted,273
199,Zion,273
202,Anthony,269
202,Kian,269
204,Cole,265
205,Rayan,264
206,Xavier,263
207,Rudy,262
208,Rafferty,255
209,Ahmed,254
210,Casper,251
210,Jason,251
212,Omar,250
213,Rafe,248
214,Nico,247
215,Bertie,246
215,Francis,246
217,Matei,242
217,Mateo,242
219,Eddie,241
220,Jordan,238
221,Tristan,234
222,Leonard,233
223,Oskar,230
224,Zain,228
225,Eden,227
226,Mohamed,225
227,Douglas,223
227,Flynn,223
229,Barnaby,222
230,Mustafa,221
231,Kobe,218
232,Ayan,217
233,Peter,215
234,Abdul,214
234,Josiah,214
234,Reginald,214
234,Romeo,214
238,Bailey,213
239,Victor,210
240,Martin,208
241,Mark,207
242,Kairo,206
243,Micah,204
244,Ezekiel,198
244,Zac,198
246,Barney,195
247,Marcus,192
248,Christian,190
249,Adrian,188
249,Lukas,188
249,Ronan,188
249,Umar,188
253,Amir,187
253,Monty,187
253,Rhys,187
256,Ahmad,186
257,Hector,185
257,Lennon,185
257,Nicolas,185
260,Franklin,184
261,Jonathan,178
262,Zack,177
263,Bradley,175
263,Quinn,175
265,Marcel,174
266,Hayden,172
266,Ralphie,172
268,Finnley,171
269,Cruz,170
269,Remi,170
269,Zayan,170
272,Jensen,169
272,Zayd,169
274,Cillian,168
274,Jakub,168
274,Milan,168
274,Rohan,168
278,Amari,167
278,Cassius,167
278,Coby,167
278,Kaiden,167
282,Julian,166
283,Rayyan,165
284,Damian,164
284,Fraser,164
284,Ivan,164
284,Mylo,164
288,Ace,163
288,Conor,163
288,Osian,163
291,Andrew,162
291,Kingsley,162
293,Freddy,161
293,Kylo,161
293,Sam,161
293,Stefan,161
297,Ari,160
297,Zayaan,160
299,Lennie,157
299,Teddie,157
301,Wyatt,156
302,Atlas,155
302,Hendrix,155
302,Walter,155
305,Carson,153
305,Ernest,153
305,Hassan,153
308,Aryan,152
308,Lennox,152
310,Erik,151
310,Ilyas,151
312,Corey,150
313,Antoni,149
313,Ayden,149
313,Huxley,149
316,Ismail,148
317,Elis,147
318,Dominik,146
319,Harris,145
319,Yunus,145
321,Azaan,144
321,Jeremiah,144
323,Haris,142
324,Aleksander,141
324,Sami,141
326,Kasper,140
326,Nate,140
326,Rufus,140
329,Angus,139
330,Luka,138
330,Reign,138
332,Arjun,137
333,Cian,136
333,Colby,136
333,Ernie,136
333,Ziggy,136
337,Denis,135
337,Fletcher,135
339,Philip,134
340,Darius,133
341,Greyson,131
341,Kobi,131
341,Percy,131
344,Casey,130
344,Dougie,130
344,Maddox,130
347,Kaleb,129
348,Alexandru,128
348,Arham,128
348,Ben,128
348,Magnus,128
352,Alan,127
352,Lochlan,127
352,Reece,127
352,Rian,127
356,Dennis,126
356,Edison,126
356,Jace,126
356,Malachi,126
356,Woody,126
356,Zach,126
362,Emmanuel,125
362,Richard,125
362,Zohan,125
365,Andrei,124
365,Isa,124
367,Aarav,123
367,Kiaan,123
367,Santiago,123
370,Ashton,122
370,Chase,122
370,Jan,122
370,Zachariah,122
374,Morgan,121
375,Koby,119
375,Layton,119
375,Orson,119
378,Atticus,118
378,Malik,118
378,Ryder,118
381,Kacper,117
381,Solomon,117
383,Jimmy,116
384,Danny,114
385,Antonio,113
385,Cairo,113
385,Haider,113
385,Rudi,113
385,Timothy,113
390,Declan,112
390,Junior,112
392,Yaqub,111
393,Lachlan,110
393,Shay,110
395,Dawud,109
395,Ewan,109
395,Nikodem,109
398,Bear,108
398,Malakai,108
398,Taylor,108
401,Aron,107
401,Buddy,107
401,Hamish,107
401,Simon,107
401,Zane,107
406,Hussain,106
407,Ayman,105
407,Harri,105
407,Matthias,105
410,Khalil,104
410,Rome,104
412,Hughie,103
412,Sean,103
412,Sullivan,103
412,Tate,103
416,Fabian,102
416,Laurence,102
416,Leighton,102
416,Mikaeel,102
416,Teodor,102
421,Nolan,101
421,Thiago,101
423,Anas,99
423,Odin,99
425,Arnie,98
425,Aydin,98
425,Bruno,98
425,Kenzo,98
425,Loki,98
425,Olly,98
431,Hugh,97
431,Leonidas,97
433,Avery,96
433,Diego,96
433,Issac,96
433,Jett,96
433,Oisin,96
433,Zak,96
439,Ibraheem,95
439,Ismaeel,95
439,Nikolas,95
439,Orlando,95
443,Johnny,94
443,Luis,94
443,Vinny,94
446,Cohen,93
446,Jovan,93
446,Laith,93
446,Vlad,93
450,Idrees,92
450,Wilbur,92
452,Aahil,91
452,Ayyub,91
452,Jaxx,91
452,Khalid,91
452,Osman,91
457,Aadam,90
457,Sulaiman,90
457,Tadhg,90
457,Tommy-Lee,90
461,August,89
461,Hadley,89
461,Kyro,89
461,Usman,89
465,Beauden,88
465,Joe,88
465,Ozzy,88
465,Rueben,88
469,Tomos,87
469,Zakaria,87
471,Alvey,86
471,Archibald,86
471,Lucian,86
471,Marshall,86
475,Marco,85
475,Neo,85
477,Abraham,84
477,Jay,84
477,Kyrie,84
477,Macsen,84
477,Raife,84
482,Bilal,83
482,Jago,83
482,Lowen,83
482,Miller,83
482,Orion,83
487,Ray,82
487,Travis,82
489,Eduard,81
489,Franciszek,81
489,Koa,81
489,Maverick,81
489,Maxim,81
489,Paul,81
489,Tymon,81
496,Kobie,80
496,Mathias,80
496,Ruairi,80
496,Stephen,80
496,Tiago,80
501,Brian,79
501,Matias,79
503,Asa,78
503,Bowie,78
503,Heath,78
503,Ivar,78
503,Mikael,78
503,Yaseen,78
509,Caspar,77
509,Ianis,77
509,Ishaan,77
509,Lawrence,77
509,Zayyan,77
514,Aayan,76
514,Ayub,76
514,Hashim,76
514,Niall,76
514,Preston,76
514,Theodor,76
520,Hari,75
520,Judah,75
520,Noel,75
520,Oliwier,75
520,Rares,75
520,Rayaan,75
526,Ashley,74
526,Cassian,74
526,Edwin,74
526,Fox,74
526,Kane,74
526,Lando,74
526,Montgomery,74
526,Olivier,74
526,Presley,74
526,Robbie,74
526,Teo,74
537,Dion,73
537,Emilio,73
539,Alby,72
539,Brandon,72
539,Jaiden,72
539,Raheem,72
543,Dante,71
543,Georgie,71
543,Kody,71
543,Kyle,71
543,Laurie,71
543,Reid,71
543,Tomas,71
543,Yuvraj,71
551,Caelan,70
551,Ian,70
551,Jac,70
551,Natan,70
551,Szymon,70
556,Armaan,69
556,Dawson,69
556,Forrest,69
556,Huzaifa,69
556,Ioan,69
556,Mario,69
556,Niko,69
556,Sulayman,69
556,Troy,69
556,Zaviyar,69
566,Clay,68
566,Deen,68
566,Keegan,68
569,Angelo,67
569,Aubrey,67
569,Caspian,67
569,Elio,67
569,Fred,67
569,Mikolaj,67
569,Ronald,67
569,Zayden,67
577,Faris,66
577,Fergus,66
577,Harlan,66
577,Keyaan,66
577,Killian,66
577,Lucca,66
577,Veer,66
584,Amos,65
584,Brooklyn,65
584,Forest,65
584,Harlow,65
584,Jonas,65
584,Raymond,65
584,Tudor,65
584,Yousef,65
592,Alistair,64
592,Andre,64
592,Dean,64
592,Kabir,64
592,Ned,64
592,Vladimir,64
598,Aaryan,63
598,Ayaz,63
598,Dillon,63
598,Josh,63
598,Vihaan,63
598,Yousuf,63
598,Zander,63
605,Aris,62
605,Arjan,62
605,Hasan,62
605,Kieran,62
605,Ralphy,62
610,Aariz,61
610,Alessandro,61
610,Fionn,61
610,Hadi,61
610,Karson,61
610,Miguel,61
610,Samson,61
610,Sultan,61
618,Artie,60
618,Aston,60
618,Bodie,60
618,Israel,60
618,Lawson,60
618,Luan,60
618,Rafi,60
618,Wesley,60
618,Zaid,60
627,Jaden,59
627,Kayson,59
627,Krish,59
627,Prince,59
627,Saint,59
632,Ahad,58
632,Andreas,58
632,Colton,58
632,Emerson,58
632,Emrys,58
632,Karim,58
632,Layth,58
632,Omari,58
632,Zayne,58
641,Arlen,57
641,Benedict,57
641,Calvin,57
641,Deniz,57
641,Francesco,57
641,Hamzah,57
641,Imran,57
641,Valentino,57
641,Zakariyya,57
650,Bentley,56
650,Cai,56
650,Cyrus,56
650,Emmett,56
650,Euan,56
650,Fredrick,56
650,Kyron,56
650,Moses,56
650,Sunny,56
659,Alec,55
659,Bjorn,55
659,Bryan,55
659,Deacon,55
659,Giovanni,55
659,Haroon,55
659,Henley,55
659,Issa,55
659,Jayce,55
659,Lorcan,55
659,Suleiman,55
659,Talha,55
659,Yasin,55
672,Clayton,54
672,Henri,54
672,Md,54
672,Santino,54
676,Albi,53
676,Izaan,53
676,Keanu,53
676,Noa,53
676,Tom,53
676,Wiktor,53
682,Azlan,52
682,Damien,52
682,Esa,52
682,Justin,52
682,Maksymilian,52
682,Marlow,52
688,Brayden,51
688,Daniyal,51
688,Emir,51
688,Gray,51
688,Herbie,51
688,Subhan,51
688,Wren,51
695,Alexandros,50
695,Emil,50
695,Jamal,50
695,Karter,50
695,Mckenzie,50
695,Omer,50
695,Shayan,50
695,Zidan,50
695,Zorawar,50
704,Arnold,49
704,Artur,49
704,Bruce,49
704,Denny,49
704,Eisa,49
704,Hakeem,49
704,Izaiah,49
704,Jaylen,49
704,Kareem,49
704,Michal,49
704,Ren,49
704,Riaan,49
704,Scott,49
704,Tyson,49
704,Zidane,49
719,Alvie,48
719,Arley,48
719,Caden,48
719,Cayden,48
719,Dalton,48
719,Franky,48
719,Kenny,48
719,Regan,48
719,Ryker,48
719,Tommie,48
729,Amaan,47
729,Dorian,47
729,Elyas,47
729,Ivo,47
729,Jakob,47
729,Kylian,47
729,Murphy,47
729,Silas,47
729,Stanislaw,47
738,Abdurrahman,46
738,Amar,46
738,Avyaan,46
738,Cristian,46
738,Denver,46
738,Ishaq,46
738,Izhaan,46
738,Kaden,46
738,Mikail,46
738,Raul,46
738,Rico,46
738,Saif,46
738,Tymoteusz,46
751,Clark,45
751,Cosmo,45
751,Ismael,45
751,Ivor,45
751,Jai,45
751,Lake,45
751,Lockie,45
751,Mikey,45
751,Qasim,45
751,Tomi,45
761,Adonis,44
761,Anton,44
761,Ignacy,44
761,Igor,44
761,Iosif,44
761,Ishaaq,44
761,Kylan,44
761,Miran,44
761,Wilf,44
761,Yusha,44
771,Abu,43
771,Ammar,43
771,Ares,43
771,Chaim,43
771,Coen,43
771,Franco,43
771,Marlo,43
771,Ocean,43
771,Raees,43
771,Roux,43
771,Shane,43
771,Yasir,43
771,Zackary,43
784,Ajay,42
784,Edmund,42
784,Eoin,42
784,Gruffydd,42
784,Jeevan,42
784,Kiyan,42
790,Aras,41
790,Arian,41
790,Bernard,41
790,Bleu,41
790,Boden,41
790,Curtis,41
790,Drew,41
790,Jeremy,41
790,Kristian,41
790,Kyran,41
790,Paddy,41
790,Raiden,41
790,Rishi,41
790,Steven,41
790,Zian,41
805,Bowen,40
805,Dawid,40
805,Harlen,40
805,Jameson,40
805,Ovie,40
805,Reagan,40
805,Rocky,40
805,Taha,40
805,Uthman,40
805,Yazan,40
815,Avi,39
815,Benny,39
815,Boris,39
815,Eddison,39
815,Gus,39
815,Herbert,39
815,Hubert,39
815,Roscoe,39
815,Salahuddin,39
815,Zephyr,39
825,Adriel,38
825,Alessio,38
825,Aren,38
825,Byron,38
825,Caiden,38
825,Danyal,38
825,Gurbaaz,38
825,Guy,38
825,Ivaan,38
825,Jibreel,38
825,Kamil,38
825,Kaylan,38
825,Markas,38
825,Roan,38
825,Seb,38
825,Shiloh,38
841,Addison,37
841,Adil,37
841,Adnan,37
841,Adyan,37
841,Andy,37
841,Ariyan,37
841,Cory,37
841,Emanuel,37
841,Fateh,37
841,Francisco,37
841,Jadon,37
841,Riyan,37
841,Sid,37
854,Abubakr,36
854,Advik,36
854,Bryson,36
854,Ekam,36
854,Essa,36
854,Eyad,36
854,Frazer,36
854,Hashir,36
854,Kamari,36
854,Mahdi,36
854,Obie,36
854,Oren,36
854,Sheikh,36
854,Sufyan,36
854,Taran,36
854,Winston,36
854,Zohaan,36
871,Alastair,35
871,Arlo-James,35
871,Ciaran,35
871,Creed,35
871,Dhruv,35
871,Erick,35
871,Griffin,35
871,Haadi,35
871,Jayson,35
871,Kade,35
871,King,35
871,Moshe,35
871,Niam,35
871,Rogan,35
871,Roland,35
871,Saul,35
871,Taron,35
888,Aj,34
888,Arman,34
888,Axl,34
888,Ayoub,34
888,Cade,34
888,Colin,34
888,Edgar,34
888,Haaris,34
888,Harun,34
888,Kendrick,34
888,Koda,34
888,Lee,34
888,Nikita,34
888,Owais,34
888,Rami,34
888,Rylee,34
888,Saad,34
888,Viktor,34
888,Yousif,34
907,Abdulrahman,33
907,Alvin,33
907,Apollo,33
907,Arin,33
907,Arlie,33
907,Baxter,33
907,Cobie,33
907,Damon,33
907,Dario,33
907,Dax,33
907,Digby,33
907,Dilan,33
907,Elwood,33
907,Emre,33
907,Finnian,33
907,Jaxxon,33
907,Kajus,33
907,Klay,33
907,Kyan,33
907,Mikhail,33
907,Montague,33
907,Ozzie,33
907,Renzo,33
907,Richie,33
907,Roy,33
907,Safwan,33
907,Samir,33
907,Tony,33
907,Trent,33
907,Uzair,33
907,Viaan,33
907,Youssef,33
939,Akram,32
939,Alfie-James,32
939,Arvin,32
939,Cezar,32
939,Efan,32
939,Elisei,32
939,Faizan,32
939,Fynn,32
939,Gene,32
939,Gideon,32
939,Gurfateh,32
939,Harper,32
939,Henryk,32
939,Kiyaan,32
939,Lucien,32
939,Malek,32
939,Olaf,32
939,Orhan,32
939,Orin,32
939,Ricardo,32
939,Ryley,32
939,Sahib,32
939,Vincenzo,32
939,Warren,32
963,Aden,31
963,Amin,31
963,Aydan,31
963,Ayrton,31
963,Bogdan,31
963,Cruze,31
963,Damir,31
963,Elian,31
963,Georgi,31
963,Jad,31
963,Jorge,31
963,Jose,31
963,Julius,31
963,Lloyd,31
963,Malcolm,31
963,Mohamad,31
963,Obi,31
963,Pablo,31
963,Salman,31
963,Sayed,31
963,Teddy-James,31
963,Timur,31
985,Abbas,30
985,Arden,30
985,Arran,30
985,Aviraj,30
985,Benji,30
985,Bernie,30
985,Callan,30
985,Eben,30
985,Emile,30
985,Gethin,30
985,Giorgio,30
985,Mattias,30
985,Maximillian,30
985,Mitchell,30
985,Reyan,30
985,Ronny,30
985,Sacha,30
985,Shivansh,30
985,Zeke,30
1004,Acer,29
1004,Adem,29
1004,Antony,29
1004,Aran,29
1004,Elvis,29
1004,Jagger,29
1004,Jos,29
1004,Karam,29
1004,Kole,29
1004,Piotr,29
1004,Rehan,29
1004,Rudra,29
1004,Sahil,29
1004,Shea,29
1004,Sonnie,29
1004,Yanis,29
1004,Younis,29
1004,Zavier,29
1004,Zephaniah,29
1023,Ameer,28
1023,Aryaan,28
1023,Ash,28
1023,Basil,28
1023,Caio,28
1023,Cash,28
1023,Conan,28
1023,Cree,28
1023,Devon,28
1023,Indiana,28
1023,Jules,28
1023,Kaiser,28
1023,Kayan,28
1023,Kodi,28
1023,Krishiv,28
1023,Kyren,28
1023,Leyton,28
1023,Mahir,28
1023,Maksim,28
1023,Marc,28
1023,Matas,28
1023,Nael,28
1023,Noah-James,28
1023,Nuh,28
1023,Ravi,28
1023,Riyad,28
1023,Russell,28
1023,Shah,28
1023,Simeon,28
1023,Vivaan,28
1023,Yehuda,28
1023,Zaydan,28
1055,Benas,27
1055,Blue,27
1055,Brady,27
1055,Deon,27
1055,Florian,27
1055,Hussein,27
1055,Indy,27
1055,Kitt,27
1055,Kye,27
1055,Lyle,27
1055,Mackenzie,27
1055,Nathanael,27
1055,Percival,27
1055,Raffi,27
1055,Rayhan,27
1055,Reo,27
1055,Shahzain,27
1055,Shiv,27
1055,Theo-James,27
1055,Valentin,27
1055,Wade,27
1055,Zakariyah,27
1055,Zaki,27
1078,Aarush,26
1078,Abdirahman,26
1078,Aman,26
1078,Atharv,26
1078,Aziel,26
1078,Boaz,26
1078,Braxton,26
1078,Carlo,26
1078,Chris,26
1078,Cormac,26
1078,Dawood,26
1078,Dev,26
1078,Donnie,26
1078,Eren,26
1078,Etienne,26
1078,Everett,26
1078,Farhan,26
1078,Federico,26
1078,Gregory,26
1078,Hasnain,26
1078,Herkus,26
1078,Huey,26
1078,Huw,26
1078,Jared,26
1078,Kaysan,26
1078,Kenneth,26
1078,Khaleel,26
1078,Khizar,26
1078,Luciano,26
1078,Mehmet,26
1078,Neil,26
1078,Nikolai,26
1078,Onyx,26
1078,Pedro,26
1078,Raffy,26
1078,Reyansh,26
1078,Sebastien,26
1078,Sully,26
1078,Woodrow,26
1117,Ambrose,25
1117,Bo,25
1117,Cass,25
1117,Darragh,25
1117,Diyan,25
1117,Hakim,25
1117,Huzaifah,25
1117,Kenzie,25
1117,Khari,25
1117,Konstantinos,25
1117,Manraj,25
1117,Manuel,25
1117,Moishe,25
1117,Nova,25
1117,Romi,25
1117,Salah,25
1117,Shaun,25
1117,Sol,25
1117,Trey,25
1117,Wojciech,25
1117,Yoel,25
1117,Zen,25
1139,Abdur,24
1139,Agastya,24
1139,Alberto,24
1139,Aleks,24
1139,Alexandre,24
1139,Angel,24
1139,Ariel,24
1139,Aslan,24
1139,Augustus,24
1139,Aziah,24
1139,Edoardo,24
1139,Eduardo,24
1139,Eryk,24
1139,Evander,24
1139,Fahad,24
1139,Hammad,24
1139,Isiah,24
1139,Johan,24
1139,Kairav,24
1139,Kalvin,24
1139,Kash,24
1139,Kason,24
1139,Kaya,24
1139,Kaylen,24
1139,Landon,24
1139,Mack,24
1139,Maleek,24
1139,Marius,24
1139,Mert,24
1139,Muadh,24
1139,Nana,24
1139,Nehemiah,24
1139,Nelson,24
1139,Odhran,24
1139,Owain,24
1139,Rohaan,24
1139,Rowen,24
1139,Sterling,24
1139,Suleyman,24
1139,Tommaso,24
1139,Torin,24
1139,Younes,24
1139,Yuvaan,24
1139,Zavian,24
1139,Zidaan,24
1184,Abdullahi,23
1184,Abubakar,23
1184,Akim,23
1184,Aneurin,23
1184,Awais,23
1184,Azariah,23
1184,Blu,23
1184,Bryn,23
1184,Casian,23
1184,Cayson,23
1184,Constantin,23
1184,Dara,23
1184,Denzel,23
1184,Gerard,23
1184,Griff,23
1184,Ira,23
1184,Iustin,23
1184,Javier,23
1184,Jujhar,23
1184,Karl,23
1184,Kenan,23
1184,Koah,23
1184,Loui,23
1184,Mateusz,23
1184,Mattia,23
1184,Merlin,23
1184,Oran,23
1184,Quentin,23
1184,Riley-James,23
1184,Saxon,23
1184,Shaan,23
1184,Shayaan,23
1184,Yosef,23
1184,Zakariah,23
1218,Alejandro,22
1218,Asad,22
1218,Axton,22
1218,Baby,22
1218,Beniamin,22
1218,Bobbie,22
1218,Carlos,22
1218,Chance,22
1218,Colson,22
1218,Dewi,22
1218,Dior,22
1218,Fredrik,22
1218,Gilbert,22
1218,Junaid,22
1218,Kaison,22
1218,Kilian,22
1218,Mac,22
1218,Maxime,22
1218,Maximos,22
1218,Moise,22
1218,Ragnar,22
1218,Reon,22
1218,Rox,22
1218,Soren,22
1218,Steffan,22
1218,Stirling,22
1218,Theon,22
1218,Tobi,22
1218,Todd,22
1218,Tommy-James,22
1218,Umair,22
1218,Wilson,22
1250,Ahaan,21
1250,Angad,21
1250,Armin,21
1250,Aronas,21
1250,Azaiah,21
1250,Bernardo,21
1250,Cain,21
1250,Colt,21
1250,Davi,21
1250,Dragos,21
1250,Frederic,21
1250,Grey,21
1250,Hezekiah,21
1250,Holden,21
1250,Ifan,21
1250,Ilias,21
1250,Jay-Jay,21
1250,Joss,21
1250,Kaiyan,21
1250,Keon,21
1250,Khaled,21
1250,Knox,21
1250,Kush,21
1250,Malachy,21
1250,Markus,21
1250,Marvin,21
1250,Mayson,21
1250,Mujtaba,21
1250,Nikolay,21
1250,Opie,21
1250,Patryk,21
1250,Phillip,21
1250,Rajveer,21
1250,Ross,21
1250,Shawn,21
1250,Storm,21
1250,Taio,21
1250,Zaiden,21
1250,Ziyad,21
1250,Zuriel,21
1290,Agam,20
1290,Archie-James,20
1290,Arun,20
1290,Ashwin,20
1290,Bartosz,20
1290,Cohan,20
1290,Conall,20
1290,Devin,20
1290,Eliot,20
1290,Elisha,20
1290,Eugene,20
1290,Filippo,20
1290,Hunter-Lee,20
1290,Jaydon,20
1290,Kaan,20
1290,Kaius,20
1290,Kartar,20
1290,Keelan,20
1290,Luther,20
1290,Maison,20
1290,Makai,20
1290,Mathew,20
1290,Memphis,20
1290,Mihai,20
1290,Nikola,20
1290,Petru,20
1290,Rishaan,20
1290,Romey,20
1290,Rumi,20
1290,Saleh,20
1290,Shimon,20
1290,Sylvester,20
1290,Taylan,20
1290,Terry,20
1290,Tomasz,20
1290,Viraj,20
1290,Waleed,20
1290,Yannis,20
1290,Yasser,20
1329,Abdur-Rahman,19
1329,Atharva,19
1329,Ayansh,19
1329,Azan,19
1329,Darian,19
1329,Darren,19
1329,Derek,19
1329,Devan,19
1329,Dominykas,19
1329,Donny,19
1329,Duke,19
1329,Enoch,19
1329,Frederik,19
1329,Gabrielius,19
1329,Gary,19
1329,Gavin,19
1329,Husayn,19
1329,Immanuel,19
1329,Jerry,19
1329,Jesse-James,19
1329,Jidenna,19
1329,Joao,19
1329,Juan,19
1329,Kamran,19
1329,Keaton,19
1329,Kerem,19
1329,Kingston,19
1329,Kolby,19
1329,Kuba,19
1329,Leland,19
1329,Levison,19
1329,Lex,19
1329,Luqman,19
1329,Maaz,19
1329,Mahad,19
1329,Mahmoud,19
1329,Marek,19
1329,Massimo,19
1329,Muaz,19
1329,Nabil,19
1329,Nali,19
1329,Nayel,19
1329,Nick,19
1329,Ozan,19
1329,Quinton,19
1329,Rahim,19
1329,Reggie-Lee,19
1329,Rokas,19
1329,Sai,19
1329,Salvador,19
1329,Samar,19
1329,Shae,19
1329,Siddharth,19
1329,Tian,19
1329,Tiernan,19
1329,Timotei,19
1329,Viyan,19
1329,Wolf,19
1329,Yash,19
1329,Yunis,19
1329,Zakary,19
1329,Zyan,19
1391,Aarin,18
1391,Achim,18
1391,Adley,18
1391,Afonso,18
1391,Albie-James,18
1391,Archie-Lee,18
1391,Arhaan,18
1391,Avyan,18
1391,Azari,18
1391,Aziz,18
1391,Baran,18
1391,Beckett,18
1391,Bohdi,18
1391,Brodi,18
1391,Camden,18
1391,Dawoud,18
1391,Daxton,18
1391,Edan,18
1391,Eesah,18
1391,Faisal,18
1391,Georgios,18
1391,Gio,18
1391,Graham,18
1391,Hamdan,18
1391,Indigo,18
1391,Izyan,18
1391,Jedidiah,18
1391,Jozef,18
1391,Kamal,18
1391,Karanveer,18
1391,Lars,18
1391,Loxley,18
1391,Lucius,18
1391,Marty,18
1391,Menachem,18
1391,Messiah,18
1391,Momin,18
1391,Musab,18
1391,Neco,18
1391,Perry,18
1391,Razvan,18
1391,Rhodri,18
1391,Rodrigo,18
1391,Rollo,18
1391,Ruan,18
1391,Sanad,18
1391,Sarim,18
1391,Shloime,18
1391,Tiger,18
1391,Uriel,18
1391,Viggo,18
1391,Wallace,18
1391,Will,18
1391,Yakov,18
1391,Yousaf,18
1391,Yusef,18
1391,Ziyaan,18
1448,Aadil,17
1448,Adan,17
1448,Aditya,17
1448,Alasdair,17
1448,Alijah,17
1448,Amias,17
1448,Ansh,17
1448,Arthur-James,17
1448,Ayomide,17
1448,Ayush,17
1448,Barnabas,17
1448,Benyamin,17
1448,Bertram,17
1448,Boston,17
1448,Brody-Lee,17
1448,Che,17
1448,Christos,17
1448,Clarke,17
1448,Clement,17
1448,Conrad,17
1448,Crew,17
1448,Darwin,17
1448,Devansh,17
1448,Eddy,17
1448,Ehan,17
1448,Ermias,17
1448,Franek,17
1448,Gael,17
1448,Gwilym,17
1448,Ioannis,17
1448,Ionut,17
1448,Ishan,17
1448,Jaxon-James,17
1448,Jonty,17
1448,Keyan,17
1448,Leopold,17
1448,Llewelyn,17
1448,Lyndon,17
1448,Manveer,17
1448,Marlon,17
1448,Marlowe,17
1448,Marwan,17
1448,Mihail,17
1448,Mika'Il,17
1448,Nihal,17
1448,Nojus,17
1448,Raja,17
1448,Rene,17
1448,Ricky,17
1448,Ridwan,17
1448,Rion,17
1448,Roman-James,17
1448,Ruari,17
1448,Rui,17
1448,Sage,17
1448,Sasha,17
1448,Seamus,17
1448,Senan,17
1448,Shai,17
1448,Suleman,17
1448,Taim,17
1448,Tariq,17
1448,Thierry,17
1448,Tzvi,17
1448,Wali,17
1448,Zakai,17
1448,Zohaib,17
1448,Zyon,17
1516,Aari,16
1516,Aariyan,16
1516,Ahyan,16
1516,Alyaan,16
1516,Asim,16
1516,Atreus,16
1516,Aveer,16
1516,Avrohom,16
1516,Azad,16
1516,Beck,16
1516,Brendan,16
1516,Brooks,16
1516,Castiel,16
1516,Cedric,16
1516,Constantine,16
1516,Efe,16
1516,Ehsan,16
1516,Eliab,16
1516,Elon,16
1516,Enes,16
1516,Ezrah,16
1516,Fabio,16
1516,Fernando,16
1516,Freddie-James,16
1516,Gabriele,16
1516,Habib,16
1516,Harlem,16
1516,Haseeb,16
1516,Humza,16
1516,Hunter-James,16
1516,Iestyn,16
1516,Iosua,16
1516,Jahmari,16
1516,Jaime,16
1516,Jameel,16
1516,Jaxen,16
1516,Jayan,16
1516,Jibril,16
1516,Jiyan,16
1516,Jj,16
1516,Jonny,16
1516,Kaelan,16
1516,Kaloyan,16
1516,Karan,16
1516,Koen,16
1516,Kurtis,16
1516,Kyson,16
1516,Leandro,16
1516,Leo-James,16
1516,Mabon,16
1516,Maher,16
1516,Moiz,16
1516,Monroe,16
1516,Moosa,16
1516,Muhsin,16
1516,Murray,16
1516,Nikolaos,16
1516,Nile,16
1516,Nyle,16
1516,Oaklee,16
1516,Oakley-James,16
1516,Ozias,16
1516,Patrik,16
1516,Pranav,16
1516,Rai,16
1516,Reed,16
1516,Remington,16
1516,Riccardo,16
1516,Sammy,16
1516,Shaurya,16
1516,Shaya,16
1516,Taimoor,16
1516,Tayo,16
1516,Tion,16
1516,Uzayr,16
1516,Valentine,16
1516,Wolfe,16
1516,Yuvan,16
1516,Zoraiz,16
1595,Abdulaziz,15
1595,Abdurahman,15
1595,Affan,15
1595,Akeem,15
1595,Alban,15
1595,Alden,15
1595,Alexis,15
1595,Ameen,15
1595,Anderson,15
1595,Ario,15
1595,Armani,15
1595,Athanasios,15
1595,Auden,15
1595,Aymen,15
1595,Azlaan,15
1595,Bennett,15
1595,Boe,15
1595,Braylon,15
1595,Brogan,15
1595,Bryce,15
1595,Burhan,15
1595,Caius,15
1595,Codie,15
1595,Connell,15
1595,Dafydd,15
1595,Danielius,15
1595,Daud,15
1595,Demir,15
1595,Dov,15
1595,Ephraim,15
1595,Eshaan,15
1595,Eshan,15
1595,Evanas,15
1595,Feliks,15
1595,Ferdinand,15
1595,Gruff,15
1595,Gurveer,15
1595,Haiden,15
1595,Haroun,15
1595,Himmat,15
1595,Ihsan,15
1595,Jed,15
1595,Jeffrey,15
1595,Joaquin,15
1595,Johnathan,15
1595,Josef,15
1595,Jowan,15
1595,Kalen,15
1595,Kassius,15
1595,Khai,15
1595,Krzysztof,15
1595,Kyree,15
1595,Leroy,15
1595,Lewie,15
1595,Lionel,15
1595,Lior,15
1595,Lucifer,15
1595,Mason-Lee,15
1595,Maurice,15
1595,Micaiah,15
1595,Mickey,15
1595,Mika,15
1595,Mikel,15
1595,Mirac,15
1595,Morris,15
1595,Muhamad,15
1595,Muhammad-Ali,15
1595,Navraj,15
1595,Navy,15
1595,Neev,15
1595,Pietro,15
1595,Rajan,15
1595,Reggie-Ray,15
1595,Remus,15
1595,Rihaan,15
1595,Riyaan,15
1595,Roberto,15
1595,Ronin,15
1595,Roshan,15
1595,Ruhaan,15
1595,Selim,15
1595,Taimur,15
1595,Tamim,15
1595,Tegh,15
1595,Terence,15
1595,Umut,15
1595,Vicente,15
1595,Viyaan,15
1595,Wilder,15
1595,Zahir,15
1595,Zeki,15
1595,Ziad,15
1595,Zubair,15
1688,Aahan,14
1688,Abdallah,14
1688,Abdul-Raheem,14
1688,Adas,14
1688,Adomas,14
1688,Akaal,14
1688,Akiva,14
1688,Aksel,14
1688,Aleksandar,14
1688,Aleksandr,14
1688,Aliyar,14
1688,Amrit,14
1688,Anaser,14
1688,Arijus,14
1688,Arlo-Jay,14
1688,Arron,14
1688,Art,14
1688,Artemis,14
1688,Arya,14
1688,Ashar,14
1688,Attila,14
1688,Billy-Joe,14
1688,Blaise,14
1688,Blakely,14
1688,Braydon,14
1688,Brodie-Lee,14
1688,Buster,14
1688,Buzz,14
1688,Callen,14
1688,Cassidy,14
1688,Cayde,14
1688,Craig,14
1688,Dimitar,14
1688,Domas,14
1688,Ebenezer,14
1688,Ebrahim,14
1688,Eliyas,14
1688,Ellison,14
1688,Eymen,14
1688,Fenn,14
1688,Finnan,14
1688,Haitham,14
1688,Harley-Jay,14
1688,Haytham,14
1688,Husnain,14
1688,Ieuan,14
1688,Iver,14
1688,Jethro,14
1688,Jon,14
1688,Jorawar,14
1688,Julien,14
1688,Kailen,14
1688,Kaydon,14
1688,Kaylum,14
1688,Kornel,14
1688,Kruz,14
1688,Lance,14
1688,Larry,14
1688,Lewi,14
1688,Lewys,14
1688,Link,14
1688,Lonnie,14
1688,Mankirat,14
1688,Marko,14
1688,Meer,14
1688,Mehdi,14
1688,Mikhael,14
1688,Milosz,14
1688,Mir,14
1688,Nataniel,14
1688,Neel,14
1688,Ojas,14
1688,Om,14
1688,Pierre,14
1688,Rayne,14
1688,Reef,14
1688,Reeve,14
1688,Rehaan,14
1688,Rivaan,14
1688,Ruaridh,14
1688,Rudie,14
1688,Salih,14
1688,Sawyer,14
1688,Siar,14
1688,Tommy-Jay,14
1688,Tyrone,14
1688,Uthmaan,14
1688,Ved,14
1688,Vian,14
1688,Yisroel,14
1688,Yitzchok,14
1688,Yossi,14
1688,Zora,14
1688,Zyaire,14
1782,Abrar,13
1782,Ahil,13
1782,Ahnaf,13
1782,Ahsan,13
1782,Alparslan,13
1782,Arish,13
1782,Ariz,13
1782,Arwyn,13
1782,Aurelio,13
1782,Caolan,13
1782,Carter-James,13
1782,Dan,13
1782,Darcy,13
1782,Denas,13
1782,Dimitrios,13
1782,Duncan,13
1782,Dustin,13
1782,Easton,13
1782,Elvin,13
1782,Emin,13
1782,Enrico,13
1782,Finan,13
1782,Findlay,13
1782,Harlo,13
1782,Harold,13
1782,Harshiv,13
1782,Haydn,13
1782,Henrik,13
1782,Ilan,13
1782,Ilyaas,13
1782,Ion,13
1782,Ionatan,13
1782,Jamaal,13
1782,Jamil,13
1782,Jawad,13
1782,Joshan,13
1782,Joshua-James,13
1782,Jovi,13
1782,Justice,13
1782,Kaizer,13
1782,Kohen,13
1782,Leif,13
1782,Lev,13
1782,Luca-James,13
1782,Marcos,13
1782,Marios,13
1782,Matin,13
1782,Maximo,13
1782,Nasir,13
1782,Nikhil,13
1782,Nivaan,13
1782,Oli,13
1782,Othniel,13
1782,Pavel,13
1782,Quincy,13
1782,Raiyan,13
1782,Ranveer,13
1782,Samarth,13
1782,Shmuel,13
1782,Stefanos,13
1782,Sufiyan,13
1782,Sufyaan,13
1782,Sydney,13
1782,Teddy-Lee,13
1782,Thaddeus,13
1782,Thor,13
1782,Tobiasz,13
1782,Ubayd,13
1782,Vedant,13
1782,Viraaj,13
1782,Wolfgang,13
1782,Yohan,13
1782,Yonatan,13
1782,Zackery,13
1782,Zayed,13
1782,Zebedee,13
1782,Zeeshan,13
1782,Zinedine,13
1860,Aaran,12
1860,Aarish,12
1860,Abram,12
1860,Adi,12
1860,Adriano,12
1860,Ahmet,12
1860,Allan,12
1860,Amen,12
1860,Andrea,12
1860,Andres,12
1860,Artin,12
1860,Augustin,12
1860,Avyukt,12
1860,Azeem,12
1860,Azriel,12
1860,Bartholomew,12
1860,Binyomin,12
1860,Bligh,12
1860,Bram,12
1860,Brayan,12
1860,Brendon,12
1860,Celt,12
1860,Cj,12
1860,Cobi,12
1860,Cody-Lee,12
1860,Cullen,12
1860,Dakota,12
1860,Dallas,12
1860,Deio,12
1860,Dillan,12
1860,Eban,12
1860,Efraim,12
1860,Elton,12
1860,Emiliano,12
1860,Evaan,12
1860,Geoffrey,12
1860,Gian,12
1860,Gianni,12
1860,Gino,12
1860,Gunnar,12
1860,Guto,12
1860,Haidar,12
1860,Hakan,12
1860,Harlee,12
1860,Harman,12
1860,Henrique,12
1860,Hisham,12
1860,Howard,12
1860,Ihsaan,12
1860,Ishmael,12
1860,Iwan,12
1860,Jamari,12
1860,James-Junior,12
1860,Jaydan,12
1860,Jayden-Lee,12
1860,Jerome,12
1860,Jibraeel,12
1860,Jim,12
1860,Karol,12
1860,Kayaan,12
1860,Kelvin,12
1860,Kudus,12
1860,Kylen,12
1860,Ludo,12
1860,Lux,12
1860,Mace,12
1860,Mael,12
1860,Marcellus,12
1860,Marian,12
1860,Mason-James,12
1860,Mateus,12
1860,Mazen,12
1860,Meir,12
1860,Miley,12
1860,Mirza,12
1860,Mordechai,12
1860,Motty,12
1860,Muaaz,12
1860,Muhammad-Yusuf,12
1860,Murtaza,12
1860,Naeem,12
1860,Naksh,12
1860,Niklaus,12
1860,Nirvaan,12
1860,Noor,12
1860,Oliver-James,12
1860,Oskaras,12
1860,Oslo,12
1860,Paxton,12
1860,Perseus,12
1860,Philippos,12
1860,Phineas,12
1860,Radu,12
1860,Rafay,12
1860,Raghav,12
1860,Ralf,12
1860,Rashid,12
1860,Reggie-James,12
1860,Renz,12
1860,Ridley,12
1860,Riley-Jay,12
1860,Riven,12
1860,Rogue,12
1860,Ronnie-Lee,12
1860,Salim,12
1860,Sehaj,12
1860,Shlomo,12
1860,Stevie,12
1860,Taliesin,12
1860,Tj,12
1860,Tommy-Joe,12
1860,Torben,12
1860,Trystan,12
1860,Varun,12
1860,Waris,12
1860,Weston,12
1860,Wilfrid,12
1860,Wolfie,12
1860,Yaqoob,12
1860,Yassin,12
1860,Yordan,12
1860,Yug,12
1860,Zeus,12
1860,Ziyaad,12
1984,Aadi,11
1984,Aayush,11
1984,Abdul-Ahad,11
1984,Abdulmalik,11
1984,Achilles,11
1984,Adrien,11
1984,Ajeet,11
1984,Ajit,11
1984,Al,11
1984,Alaz,11
1984,Aleem,11
1984,Aliyaan,11
1984,Alvi,11
1984,Aqib,11
1984,Arion,11
1984,Arshman,11
1984,Artem,11
1984,Avram,11
1984,Ayaansh,11
1984,Azai,11
1984,Banks,11
1984,Bennie,11
1984,Bill,11
1984,Bobi,11
1984,Borys,11
1984,Braylen,11
1984,Brinley,11
1984,Caben,11
1984,Calum,11
1984,Carl,11
1984,Carmelo,11
1984,Carter-Jay,11
1984,Cavan,11
1984,Ceejay,11
1984,Celyn,11
1984,Cezary,11
1984,Chesky,11
1984,Codey,11
1984,Desmond,11
1984,Dhyan,11
1984,Donovan,11
1984,Dwayne,11
1984,Dyfan,11
1984,Eliezer,11
1984,Eliott,11
1984,Emilis,11
1984,Eoghan,11
1984,Errol,11
1984,Everest,11
1984,Ezel,11
1984,Ezri,11
1984,Faaris,11
1984,Faiz,11
1984,Fares,11
1984,Florin,11
1984,Foxx,11
1984,Frankie-Lee,11
1984,Gianluca,11
1984,Hershy,11
1984,Hudson-Lee,11
1984,Humphrey,11
1984,Hunter-John,11
1984,Ianto,11
1984,Is'Haaq,11
1984,Izaac,11
1984,Iziah,11
1984,Jack-James,11
1984,Jayden-James,11
1984,Joziah,11
1984,Kain,11
1984,Kanan,11
1984,Kasey,11
1984,Kaspar,11
1984,Khalifa,11
1984,Kidus,11
1984,Kion,11
1984,Kobey,11
1984,Kodie,11
1984,Kofi,11
1984,Leander,11
1984,Leonas,11
1984,Lochlann,11
1984,Loic,11
1984,Luqmaan,11
1984,Maahir,11
1984,Macauley,11
1984,Mani,11
1984,Manny,11
1984,Martim,11
1984,Maxx,11
1984,Moishy,11
1984,Monte,11
1984,Muad,11
1984,Muhammad-Musa,11
1984,Naod,11
1984,Nicolo,11
1984,Nirvair,11
1984,Nishaan,11
1984,Nixon,11
1984,Noyan,11
1984,Oaklen,11
1984,Oberon,11
1984,Olivers,11
1984,Orrin,11
1984,Parth,11
1984,Poyraz,11
1984,Quinlan,11
1984,Rakan,11
1984,Rayden,11
1984,Rayhaan,11
1984,Rayyaan,11
1984,Renn,11
1984,Reyaan,11
1984,Romy,11
1984,Rori,11
1984,Sahir,11
1984,Saim,11
1984,Sameer,11
1984,Santi,11
1984,Shahan,11
1984,Subhaan,11
1984,Sulaymaan,11
1984,Tadeusz,11
1984,Tao,11
1984,Teejay,11
1984,Teilo,11
1984,Theodoros,11
1984,Thomas-James,11
1984,Tim,11
1984,Titus,11
1984,Tobenna,11
1984,Trevor,11
1984,Usayd,11
1984,Winter,11
1984,Yakub,11
1984,Yaman,11
1984,Zacharia,11
1984,Zackariya,11
1984,Zaiyan,11
1984,Zeno,11
1984,Zev,11
2125,Abdalla,10
2125,Abdul-Haadi,10
2125,Abdul-Hadi,10
2125,Abdul-Kareem,10
2125,Adamas,10
2125,Ahron,10
2125,Aiman,10
2125,Aizen,10
2125,Akash,10
2125,Aldo,10
2125,Aled,10
2125,Alfie-Jay,10
2125,Alonso,10
2125,Alyan,10
2125,Amza,10
2125,Anay,10
2125,Andi,10
2125,Aneirin,10
2125,Anwar,10
2125,Aram,10
2125,Araz,10
2125,Arel,10
2125,Arie,10
2125,Arif,10
2125,Arthur-John,10
2125,Augustine,10
2125,Aurelius,10
2125,Austen,10
2125,Avik,10
2125,Ayyan,10
2125,Blaine,10
2125,Blayke,10
2125,Carter-John,10
2125,Coady,10
2125,Corin,10
2125,Cove,10
2125,Dani,10
2125,Danish,10
2125,Dashiell,10
2125,Dave,10
2125,David-Andrei,10
2125,Davide,10
2125,Dovid,10
2125,Drake,10
2125,Eason,10
2125,Edwyn,10
2125,Eiden,10
2125,Ekamjot,10
2125,Elijah-Lee,10
2125,Enea,10
2125,Eris,10
2125,Ernesto,10
2125,Faizaan,10
2125,Fatehveer,10
2125,Fenix,10
2125,Finneas,10
2125,Finnegan,10
2125,Franklyn,10
2125,Giacomo,10
2125,Giulio,10
2125,Giuseppe,10
2125,Gordon,10
2125,Grayson-James,10
2125,Grayson-Lee,10
2125,Gurniwaz,10
2125,Gurshabad,10
2125,Gustav,10
2125,Gwion,10
2125,Hanzala,10
2125,Hanzalah,10
2125,Harley-James,10
2125,Harveer,10
2125,Harvie,10
2125,Haziq,10
2125,Hero,10
2125,Hudson-James,10
2125,Hukam,10
2125,Iori,10
2125,Ireoluwa,10
2125,Irtaza,10
2125,Isac,10
2125,Isaia,10
2125,Islam,10
2125,Izyaan,10
2125,Jak,10
2125,Jalen,10
2125,Jarvis,10
2125,Jaxon-Lee,10
2125,Jettson,10
2125,Jokubas,10
2125,Kaisan,10
2125,Kal,10
2125,Kameel,10
2125,Kasim,10
2125,Kavin,10
2125,Kayden-Lee,10
2125,Kayleb,10
2125,Kaysen,10
2125,Keagan,10
2125,Keenan,10
2125,Kenji,10
2125,Khabib,10
2125,Kip,10
2125,Konrad,10
2125,Krishav,10
2125,Kuzey,10
2125,Kyden,10
2125,Kymani,10
2125,Layke,10
2125,Leandros,10
2125,Levente,10
2125,Linus,10
2125,Llywelyn,10
2125,Logan-James,10
2125,Lorik,10
2125,Luc,10
2125,Luigi,10
2125,Lyon,10
2125,Macaulay,10
2125,Malo,10
2125,Mayan,10
2125,Mehtab,10
2125,Melvin,10
2125,Mendy,10
2125,Miracle,10
2125,Mohsin,10
2125,Moussa,10
2125,Munachimso,10
2125,Nabeel,10
2125,Nayan,10
2125,Neitas,10
2125,Noah-Lee,10
2125,Noe,10
2125,Norman,10
2125,Oakleigh,10
2125,Olamide,10
2125,Ori,10
2125,Oscar-James,10
2125,Ossian,10
2125,Oswald,10
2125,Petar,10
2125,Priyansh,10
2125,Qais,10
2125,Rafa,10
2125,Ramy,10
2125,Rana,10
2125,Raven,10
2125,Rayen,10
2125,Reegan,10
2125,Renley,10
2125,Reza,10
2125,Rhett,10
2125,Ritchie,10
2125,Rodney,10
2125,Roger,10
2125,Roni,10
2125,Royce,10
2125,Rune,10
2125,Sandro,10
2125,Shelby,10
2125,Shivaay,10
2125,Shreyansh,10
2125,Soul,10
2125,Struan,10
2125,Tajus,10
2125,Tobie,10
2125,Tucker,10
2125,Tyler-James,10
2125,Vyom,10
2125,Walker,10
2125,Waseem,10
2125,Wayne,10
2125,Yad,10
2125,Younus,10
2125,Yves,10
2125,Zaine,10
2301,Aamir,9
2301,Aayansh,9
2301,Abe,9
2301,Abu-Bakr,9
2301,Adeel,9
2301,Adel,9
2301,Adyaan,9
2301,Agamjot,9
2301,Aharon,9
2301,Ajax,9
2301,Alaric,9
2301,Albie-Lee,9
2301,Alteo,9
2301,Anakin,9
2301,Anders,9
2301,Andrey,9
2301,Anis,9
2301,Araf,9
2301,Arafat,9
2301,Arber,9
2301,Arlow,9
2301,Arnav,9
2301,Arsalan,9
2301,Arsh,9
2301,Artiom,9
2301,Augustas,9
2301,Aun,9
2301,Aurel,9
2301,Avraj,9
2301,Ayham,9
2301,Barnie,9
2301,Barry,9
2301,Bellamy,9
2301,Benicio,9
2301,Benson,9
2301,Binyamin,9
2301,Blaze,9
2301,Bobby-Lee,9
2301,Brax,9
2301,Bray,9
2301,Brett,9
2301,Burak,9
2301,Carter-Lee,9
2301,Charley,9
2301,Cobey,9
2301,Cody-James,9
2301,Colbie,9
2301,Crue,9
2301,Cruize,9
2301,Daksh,9
2301,Dale,9
2301,Damari,9
2301,Daoud,9
2301,Davin,9
2301,Denni,9
2301,Dilraj,9
2301,Divine,9
2301,Diyar,9
2301,Efrem,9
2301,Elijah-James,9
2301,Ellias,9
2301,Emilian,9
2301,Ettore,9
2301,Fenrir,9
2301,Fenton,9
2301,Finnlay,9
2301,Freddie-Lee,9
2301,Frey,9
2301,Fynley,9
2301,Grant,9
2301,Gryff,9
2301,Guilherme,9
2301,Gustas,9
2301,Hamad,9
2301,Hamid,9
2301,Harvin,9
2301,Heitor,9
2301,Horatio,9
2301,Howie,9
2301,Hunain,9
2301,Huseyin,9
2301,Hussayn,9
2301,Iggy,9
2301,Ilya,9
2301,Indie,9
2301,Indra,9
2301,Ioachim,9
2301,Iremide,9
2301,Izaak,9
2301,Izayah,9
2301,Jahziah,9
2301,Jaidon,9
2301,Jean,9
2301,Jelani,9
2301,Jimi,9
2301,Jiyansh,9
2301,John-Paul,9
2301,Jorah,9
2301,Jorgie,9
2301,Jotham,9
2301,Joud,9
2301,Kais,9
2301,Kayhan,9
2301,Kinan,9
2301,Krishna,9
2301,Kroi,9
2301,Krystian,9
2301,Kyler,9
2301,Kyzer,9
2301,Lawand,9
2301,Lawi,9
2301,Leonardas,9
2301,Linden,9
2301,Lio,9
2301,Llew,9
2301,Llyr,9
2301,Majus,9
2301,Malique,9
2301,Manvir,9
2301,Marcell,9
2301,Markos,9
2301,Markuss,9
2301,Marli,9
2301,Matej,9
2301,Matey,9
2301,Maxi,9
2301,Micheal,9
2301,Miroslav,9
2301,Nadeem,9
2301,Naim,9
2301,Nihaal,9
2301,Nnamdi,9
2301,Oak,9
2301,Oaklan,9
2301,Octavian,9
2301,Oden,9
2301,Olsen,9
2301,Osiris,9
2301,Param,9
2301,Pip,9
2301,Raef,9
2301,Raffaele,9
2301,Raif,9
2301,Ralfie,9
2301,Ram,9
2301,Rauri,9
2301,Reilly,9
2301,Reuel,9
2301,Rhian,9
2301,Rowe,9
2301,Rubin,9
2301,Rylan,9
2301,Saeed,9
2301,Safwaan,9
2301,Said,9
2301,Salaar,9
2301,Saleem,9
2301,Salem,9
2301,Samraj,9
2301,Sayan,9
2301,Sergio,9
2301,Shalom,9
2301,Shehbaaz,9
2301,Shko,9
2301,Shrey,9
2301,Sinan,9
2301,Sion,9
2301,Skye,9
2301,Sonni,9
2301,Stavros,9
2301,Stephan,9
2301,Sufian,9
2301,Tahir,9
2301,Tai,9
2301,Tedi,9
2301,Tej,9
2301,Tobey,9
2301,Tommi,9
2301,Tommy-Ray,9
2301,Ty,9
2301,Tyrese,9
2301,Ubaid,9
2301,Usmaan,9
2301,Vansh,9
2301,Vasilis,9
2301,Wilbert,9
2301,Wilby,9
2301,Xavi,9
2301,Yoan,9
2301,Zevi,9
2301,Zoravar,9
2301,Zvi,9
2493,Aadvik,8
2493,Abdul-Rahman,8
2493,Abdulahad,8
2493,Abdulraheem,8
2493,Abir,8
2493,Adelin,8
2493,Adham,8
2493,Adhrit,8
2493,Adhvik,8
2493,Adithya,8
2493,Advait,8
2493,Advaith,8
2493,Aeron,8
2493,Albie-Jay,8
2493,Alexandr,8
2493,Alin,8
2493,Alonzo,8
2493,Alvaro,8
2493,Amaar,8
2493,Amay,8
2493,Amine,8
2493,Ander,8
2493,Arash,8
2493,Arne,8
2493,Aro,8
2493,Arsen,8
2493,Arturo,8
2493,Ashraf,8
2493,Avrumi,8
2493,Ayhan,8
2493,Ayven,8
2493,Azrael,8
2493,Blair,8
2493,Bode,8
2493,Brock,8
2493,Camilo,8
2493,Campbell,8
2493,Can,8
2493,Carol,8
2493,Carwyn,8
2493,Cason,8
2493,Chace,8
2493,Conner,8
2493,Cornelius,8
2493,Cosmin,8
2493,Derick,8
2493,Derrick,8
2493,Dimitri,8
2493,Dimitrie,8
2493,Dimitris,8
2493,Diogo,8
2493,Dolton,8
2493,Donald,8
2493,Donnacha,8
2493,Duarte,8
2493,Dumitru,8
2493,Eligh,8
2493,Emad,8
2493,Emery,8
2493,Emlyn,8
2493,Finlee,8
2493,Floyd,8
2493,Ford,8
2493,Freddie-Jay,8
2493,Frederico,8
2493,Gaspard,8
2493,Gavriel,8
2493,Gerald,8
2493,Gerrard,8
2493,Gil,8
2493,Giles,8
2493,Gruffudd,8
2493,Grzegorz,8
2493,Gurman,8
2493,Gurtaj,8
2493,Hal,8
2493,Hani,8
2493,Hank,8
2493,Hanson,8
2493,Harbour,8
2493,Hardy,8
2493,Harlyn,8
2493,Harrie,8
2493,Hartley,8
2493,Harvey-Lee,8
2493,Hayes,8
2493,Henry-James,8
2493,Heston,8
2493,Husain,8
2493,Ignacio,8
2493,Ignatius,8
2493,Iliya,8
2493,Ilyan,8
2493,Inigo,8
2493,Isaak,8
2493,Isaam,8
2493,Iyaan,8
2493,Izak,8
2493,Jacques,8
2493,Jase,8
2493,Jasiah,8
2493,Jayjay,8
2493,Jem,8
2493,Jian,8
2493,Jimmie,8
2493,Jiyaan,8
2493,Joah,8
2493,Joaquim,8
2493,Joby,8
2493,Johann,8
2493,Johannes,8
2493,Jordan-Junior,8
2493,Judd,8
2493,Jupiter,8
2493,Kaidan,8
2493,Kaleem,8
2493,Kasen,8
2493,Kaspian,8
2493,Kavan,8
2493,Keano,8
2493,Kemal,8
2493,Kenechukwu,8
2493,Kenton,8
2493,Kiyansh,8
2493,Klaus,8
2493,Kristof,8
2493,Kylon,8
2493,Ladislav,8
2493,Laken,8
2493,Legend,8
2493,Lemuel,8
2493,Levy,8
2493,Lewy,8
2493,Lj,8
2493,Llewellyn,8
2493,Lowan,8
2493,Luay,8
2493,Lucio,8
2493,Ludovic,8
2493,Lukasz,8
2493,Luke-Junior,8
2493,Lyam,8
2493,Maciej,8
2493,Majid,8
2493,Mateen,8
2493,Matvey,8
2493,Matyas,8
2493,Maximiliano,8
2493,Mazin,8
2493,Mete,8
2493,Mivaan,8
2493,Mohid,8
2493,Mohsen,8
2493,Mouhamed,8
2493,Murad,8
2493,Musaab,8
2493,Muzamil,8
2493,Mylan,8
2493,Navtej,8
2493,Nicolae,8
2493,Nigel,8
2493,Nihan,8
2493,Nikos,8
2493,Nimrod,8
2493,Nolen,8
2493,Nooh,8
2493,Odie,8
2493,Oliwer,8
2493,Osama,8
2493,Othman,8
2493,Petros,8
2493,Pinchas,8
2493,Pippin,8
2493,Praise,8
2493,Priam,8
2493,Rafsan,8
2493,Raheel,8
2493,Raine,8
2493,Ranvir,8
2493,Rawen,8
2493,Rey,8
2493,Rishan,8
2493,Rizwan,8
2493,Rj,8
2493,Roberts,8
2493,Roderick,8
2493,Roman-Lee,8
2493,Romari,8
2493,Romario,8
2493,Ronnie-James,8
2493,Royal,8
2493,Ruairidh,8
2493,Rudransh,8
2493,Ryaan,8
2493,Ryden,8
2493,Saifan,8
2493,Saihan,8
2493,Sajid,8
2493,Samiul,8
2493,San,8
2493,Serafim,8
2493,Sharvin,8
2493,Shayden,8
2493,Shaylan,8
2493,Shazain,8
2493,Shia,8
2493,Shivai,8
2493,Siraj,8
2493,Sohan,8
2493,Stanislav,8
2493,Stefano,8
2493,Stellan,8
2493,Stuart,8
2493,Tafari,8
2493,Taksh,8
2493,Tanner,8
2493,Teddi,8
2493,Tejas,8
2493,Toma,8
2493,Tye,8
2493,Vedansh,8
2493,Vihan,8
2493,Vikram,8
2493,Willem,8
2493,Yacine,8
2493,Yamen,8
2493,Yan,8
2493,Yassir,8
2493,Yonis,8
2493,Zacharias,8
2493,Zahid,8
2493,Zaidan,8
2493,Zaire,8
2493,Zakarya,8
2493,Zand,8
2493,Zarrar,8
2493,Zorayz,8
2730,Abdulkarim,7
2730,Ador,7
2730,Aggelos,7
2730,Ajani,7
2730,Albey,7
2730,Alek,7
2730,Alexei,7
2730,Alffi,7
2730,Alfie-George,7
2730,Alfonso,7
2730,Alfredo,7
2730,Alister,7
2730,Aliyan,7
2730,Amarii,7
2730,Amaris,7
2730,Amer,7
2730,Ansel,7
2730,Antoine,7
2730,Anvit,7
2730,Aodhan,7
2730,Arad,7
2730,Aramis,7
2730,Archie-Jay,7
2730,Arda,7
2730,Areeb,7
2730,Areen,7
2730,Areez,7
2730,Arhan,7
2730,Arlo-John,7
2730,Armand,7
2730,Arno,7
2730,Arty,7
2730,Arvid,7
2730,Asaiah,7
2730,Aspen,7
2730,Asser,7
2730,Aster,7
2730,Ata,7
2730,Auguste,7
2730,Avraham,7
2730,Ayad,7
2730,Azim,7
2730,Azuolas,7
2730,Badr,7
2730,Bartek,7
2730,Bastian,7
2730,Bawan,7
2730,Beaumont,7
2730,Bence,7
2730,Bodi,7
2730,Brad,7
2730,Brayen,7
2730,Brayson,7
2730,Broly,7
2730,Brynley,7
2730,Busby,7
2730,Caison,7
2730,Cali,7
2730,Chay,7
2730,Chayse,7
2730,Chinedum,7
2730,Clarence,7
2730,Codi,7
2730,Cristiano,7
2730,Cru,7
2730,Dane,7
2730,Daniel-Junior,7
2730,Daniels,7
2730,Dash,7
2730,David-Gabriel,7
2730,Dayyan,7
2730,Dex,7
2730,Diar,7
2730,Diyaan,7
2730,Domenico,7
2730,Dominick,7
2730,Dontae,7
2730,Dre,7
2730,Eesaa,7
2730,Ehaan,7
2730,Ehab,7
2730,Elgan,7
2730,Elijus,7
2730,Elyan,7
2730,Enis,7
2730,Enrique,7
2730,Eray,7
2730,Eros,7
2730,Esca,7
2730,Evren,7
2730,Faheem,7
2730,Finch,7
2730,Fintan,7
2730,Flavio,7
2730,Frazier,7
2730,Ghaith,7
2730,Glenn,7
2730,Griffith,7
2730,Gurbaaj,7
2730,Gurnoor,7
2730,Gurshaan,7
2730,Hamilton,7
2730,Harry-Lee,7
2730,Harsh,7
2730,Hatim,7
2730,Hayder,7
2730,Hiyab,7
2730,Hunter-Jay,7
2730,Ike,7
2730,Imaad,7
2730,Iman,7
2730,Innes,7
2730,Irah,7
2730,Iyad,7
2730,Jack-Junior,7
2730,Jacoby,7
2730,Jaheim,7
2730,Jaiveer,7
2730,Jalil,7
2730,Jamie-Junior,7
2730,Jax-James,7
2730,Jaxon-Jay,7
2730,Jaxon-John,7
2730,Jaylan,7
2730,Jireh,7
2730,Joachim,7
2730,Jood,7
2730,Jordi,7
2730,Joris,7
2730,Jovanni,7
2730,Junayd,7
2730,Kacey,7
2730,Kaif,7
2730,Kaine,7
2730,Kaito,7
2730,Kal-El,7
2730,Kalel,7
2730,Kaydan,7
2730,Kaylon,7
2730,Kayne,7
2730,Kealan,7
2730,Khush,7
2730,Kiano,7
2730,Kiansh,7
2730,Kiran,7
2730,Kiril,7
2730,Klayton,7
2730,Koben,7
2730,Kolbie,7
2730,Kolton,7
2730,Kree,7
2730,Kristiyan,7
2730,Krue,7
2730,Laszlo,7
2730,Lawy,7
2730,Layne,7
2730,Lazar,7
2730,Lennard,7
2730,Lewin,7
2730,Leyland,7
2730,Lochie,7
2730,Lochlyn,7
2730,Locryn,7
2730,London,7
2730,Louie-James,7
2730,Lourenco,7
2730,Lucas-James,7
2730,Lucus,7
2730,Mahamadou,7
2730,Mahid,7
2730,Majd,7
2730,Mamadou,7
2730,Marcello,7
2730,Marcelo,7
2730,Matan,7
2730,Matheus,7
2730,Mehmed,7
2730,Mian,7
2730,Micha,7
2730,Michail,7
2730,Mike,7
2730,Miko,7
2730,Millen,7
2730,Minh,7
2730,Moss,7
2730,Mubarak,7
2730,Muhammad-Ayaan,7
2730,Muzammil,7
2730,Myron,7
2730,Nahyan,7
2730,Narayan,7
2730,Narcis,7
2730,Natnael,7
2730,Negan,7
2730,Nero,7
2730,Nestor,7
2730,Newton,7
2730,Nicky,7
2730,Nilan,7
2730,Noam,7
2730,Noar,7
2730,Obinna,7
2730,Oluwatobi,7
2730,Orestis,7
2730,Ottis,7
2730,Pawel,7
2730,Peyton,7
2730,Pheonix,7
2730,Rae,7
2730,Raed,7
2730,Rafal,7
2730,Raffie,7
2730,Rahul,7
2730,Reda,7
2730,Rei,7
2730,Renas,7
2730,Reuben-James,7
2730,Rhydian,7
2730,Rihan,7
2730,Ripley,7
2730,Riyadh,7
2730,Riyansh,7
2730,Roel,7
2730,Romero,7
2730,Ronnie-Jay,7
2730,Roo,7
2730,Saatvik,7
2730,Sahibjot,7
2730,Salahudeen,7
2730,Samrath,7
2730,Samuele,7
2730,Samuil,7
2730,Samy,7
2730,Sascha,7
2730,Savraj,7
2730,Sayf,7
2730,Shad,7
2730,Shayne,7
2730,Sheldon,7
2730,Shreyan,7
2730,Shriyan,7
2730,Skyler,7
2730,Sohail,7
2730,Sruly,7
2730,Stan,7
2730,Sudais,7
2730,Sukhraj,7
2730,Suliman,7
2730,Sunnie,7
2730,Surya,7
2730,Taylen,7
2730,Taym,7
2730,Tayyab,7
2730,Teddy-John,7
2730,Theodore-James,7
2730,Tiberius,7
2730,Tobin,7
2730,Tommy-John,7
2730,Torsten,7
2730,Trishaan,7
2730,Troi,7
2730,Turner,7
2730,Twm,7
2730,Tyde,7
2730,Tyger,7
2730,Tyler-Jay,7
2730,Umayr,7
2730,Vasileios,7
2730,Vince,7
2730,Vinnie-Lee,7
2730,Vito,7
2730,Yahyaa,7
2730,Yi,7
2730,Yigit,7
2730,Youcef,7
2730,Yuri,7
2730,Yussuf,7
2730,Zaccai,7
2730,Zachariya,7
2730,Zachery,7
2730,Zahran,7
2730,Zaviyan,7
2730,Zaydaan,7
2730,Zeyd,7
2730,Zia,7
2730,Ziah,7
2730,Zuri,7
3017,Aadhi,6
3017,Aaliyan,6
3017,Aaravdeep,6
3017,Aaren,6
3017,Aarib,6
3017,Aaris,6
3017,Aariv,6
3017,Aarvik,6
3017,Aathiran,6
3017,Abdulhadi,6
3017,Ademide,6
3017,Adharv,6
3017,Adiel,6
3017,Adler,6
3017,Adonai,6
3017,Aedan,6
3017,Affaan,6
3017,Afnan,6
3017,Agamveer,6
3017,Ahmadou,6
3017,Aihan,6
3017,Ajan,6
3017,Ajus,6
3017,Akira,6
3017,Akshar,6
3017,Albie-George,6
3017,Albie-John,6
3017,Albion,6
3017,Albus,6
3017,Alexi,6
3017,Alfie-Ray,6
3017,Alias,6
3017,Alim,6
3017,Almir,6
3017,Alp,6
3017,Alpha,6
3017,Alwyn,6
3017,Amjad,6
3017,Anand,6
3017,Anes,6
3017,Anirudh,6
3017,Anson,6
3017,Anuj,6
3017,Arav,6
3017,Arbie,6
3017,Arbor,6
3017,Archie-Ray,6
3017,Arhaam,6
3017,Arhum,6
3017,Arinze,6
3017,Arjuna,6
3017,Arkan,6
3017,Arlo-Jax,6
3017,Arlowe,6
3017,Arrow,6
3017,Arshan,6
3017,Arslan,6
3017,Artemus,6
3017,Aryeh,6
3017,Ashvik,6
3017,Avir,6
3017,Awab,6
3017,Ayaaz,6
3017,Ayash,6
3017,Aylan,6
3017,Azhaan,6
3017,Azhar,6
3017,Benaiah,6
3017,Benett,6
3017,Benjamim,6
3017,Bilaal,6
3017,Bobbi,6
3017,Bobby-James,6
3017,Bobby-Joe,6
3017,Bohden,6
3017,Bosco,6
3017,Bow,6
3017,Bozhidar,6
3017,Braden,6
3017,Brae,6
3017,Braiden,6
3017,Bronson,6
3017,Brook,6
3017,Caesar,6
3017,Calaeb,6
3017,Calix,6
3017,Carlisle,6
3017,Carlton,6
3017,Casen,6
3017,Charlie-Ray,6
3017,Chayce,6
3017,Christy,6
3017,Ciprian,6
3017,Cjay,6
3017,Claudio,6
3017,Clyde,6
3017,Coben,6
3017,Coby-James,6
3017,Cosimo,6
3017,Daivik,6
3017,Danas,6
3017,Daniel-John,6
3017,Daniyaal,6
3017,Darby,6
3017,Darin,6
3017,Darsh,6
3017,Davis,6
3017,Dawit,6
3017,Dayton,6
3017,Dempsey,6
3017,Denley,6
3017,Deontay,6
3017,Destiny,6
3017,Deven,6
3017,Devontae,6
3017,Dheeran,6
3017,Dhian,6
3017,Dhyey,6
3017,Doruk,6
3017,Draco,6
3017,Dusty,6
3017,Eamon,6
3017,Eamonn,6
3017,Edmond,6
3017,Edris,6
3017,Ege,6
3017,Ekamveer,6
3017,Ektoras,6
3017,El,6
3017,Elan,6
3017,Eldon,6
3017,Elia,6
3017,Eliseo,6
3017,Eliyohu,6
3017,Ellery,6
3017,Elwyn,6
3017,Elyon,6
3017,Elys,6
3017,Enoh,6
3017,Enys,6
3017,Erin,6
3017,Eron,6
3017,Ervin,6
3017,Esrom,6
3017,Ezaan,6
3017,Ezana,6
3017,Ezio,6
3017,Ezra-James,6
3017,Faaiz,6
3017,Fahim,6
3017,Farley,6
3017,Fawad,6
3017,Felipe,6
3017,Ffredi,6
3017,Filippos,6
3017,Finbar,6
3017,Finley-James,6
3017,Finnbar,6
3017,Finnick,6
3017,Flint,6
3017,Francie,6
3017,Freddie-Ray,6
3017,Fryderyk,6
3017,Genesis,6
3017,Gerry,6
3017,Giaan,6
3017,Goncalo,6
3017,Gregor,6
3017,Gurjot,6
3017,Gurvir,6
3017,Gustavo,6
3017,Gustaw,6
3017,Hadleigh,6
3017,Han,6
3017,Hans,6
3017,Hardin,6
3017,Harfateh,6
3017,Harrison-Lee,6
3017,Harvey-Jay,6
3017,Harvi,6
3017,Harvir,6
3017,Heet,6
3017,Henderson,6
3017,Hetvik,6
3017,Hilton,6
3017,Hosea,6
3017,Hriday,6
3017,Hristo,6
3017,Hud,6
3017,Hudhayfah,6
3017,Hugo-James,6
3017,Hywel,6
3017,Iago,6
3017,Ibaad,6
3017,Ilhan,6
3017,Imraan,6
3017,Iroh,6
3017,Isaaq,6
3017,Izan,6
3017,Izzy,6
3017,Jacob-James,6
3017,Jagveer,6
3017,Jahan,6
3017,Jaivin,6
3017,Jaiyan,6
3017,Jalal,6
3017,James-Dean,6
3017,James-John,6
3017,Jasraj,6
3017,Jaziah,6
3017,Jediah,6
3017,Jeff,6
3017,Jermaine,6
3017,Jesiah,6
3017,Jesse-John,6
3017,Jessie,6
3017,Joash,6
3017,Jobe,6
3017,Jobie,6
3017,Jodh,6
3017,Joey-Lee,6
3017,John-James,6
3017,Johnnie,6
3017,Jordon,6
3017,Joven,6
3017,Kabeer,6
3017,Kabiel,6
3017,Kaeden,6
3017,Kael,6
3017,Kaian,6
3017,Kailan,6
3017,Kailo,6
3017,Kairi,6
3017,Kairon,6
3017,Kamali,6
3017,Karter-James,6
3017,Kavari,6
3017,Kavi,6
3017,Kaziah,6
3017,Kazimierz,6
3017,Keir,6
3017,Kenai,6
3017,Kenzi,6
3017,Kerim,6
3017,Kevinas,6
3017,Kien,6
3017,Kimi,6
3017,Kirill,6
3017,Kitson,6
3017,Kobie-Lee,6
3017,Kohan,6
3017,Konstantin,6
3017,Kooper,6
3017,Kristians,6
3017,Kruze,6
3017,Kumail,6
3017,Kurt,6
3017,Larson,6
3017,Lauchlan,6
3017,Laurentiu,6
3017,Leart,6
3017,Lenni,6
3017,Leonel,6
3017,Locke,6
3017,Locklan,6
3017,Logan-Lee,6
3017,Loris,6
3017,Louie-George,6
3017,Louie-Jay,6
3017,Lucious,6
3017,Ludovico,6
3017,Lysander,6
3017,Maalik,6
3017,Madhav,6
3017,Mahamed,6
3017,Major,6
3017,Makar,6
3017,Makari,6
3017,Malick,6
3017,Malley,6
3017,Manav,6
3017,Mankirt,6
3017,Manu,6
3017,Marin,6
3017,Marlee,6
3017,Mars,6
3017,Marsel,6
3017,Marti,6
3017,Marvel,6
3017,Mate,6
3017,Matheo,6
3017,Mathis,6
3017,Mawgan,6
3017,Maxence,6
3017,Maximilien,6
3017,Maximillion,6
3017,Maxson,6
3017,Maxton,6
3017,Mekhi,6
3017,Melchizedek,6
3017,Metehan,6
3017,Micky,6
3017,Mihnea,6
3017,Milano,6
3017,Miro,6
3017,Mostafa,6
3017,Mousa,6
3017,Muhamed,6
3017,Muhammad-Yahya,6
3017,Muhaymin,6
3017,Mukhtar,6
3017,Mus'Ab,6
3017,Mussa,6
3017,Nachman,6
3017,Nash,6
3017,Nedas,6
3017,Neiko,6
3017,Neyo,6
3017,Nickolas,6
3017,Nik,6
3017,Nirav,6
3017,Nirvan,6
3017,Nivan,6
3017,Novah,6
3017,O'Shea,6
3017,Oakley-Jay,6
3017,Oakley-Lee,6
3017,Oban,6
3017,Ohene,6
3017,Ole,6
3017,Oluwadarasimi,6
3017,Oluwafemi,6
3017,Omid,6
3017,Oska,6
3017,Oswin,6
3017,Ousman,6
3017,Oxley,6
3017,Panagiotis,6
3017,Paris,6
3017,Pasha,6
3017,Philippe,6
3017,Psalm,6
3017,Quhey,6
3017,Quin,6
3017,Rainn,6
3017,Ralphi,6
3017,Ramsey,6
3017,Rares-Stefan,6
3017,Reu,6
3017,Rheo,6
3017,Rheon,6
3017,Rhodes,6
3017,Ridhaan,6
3017,Riley-Lee,6
3017,Rivan,6
3017,Rorie,6
3017,Rosco,6
3017,Rowland,6
3017,Rue,6
3017,Rye,6
3017,Rylie,6
3017,Ryu,6
3017,Saalih,6
3017,Salvatore,6
3017,Sardar,6
3017,Selby,6
3017,Seyed,6
3017,Shahzad,6
3017,Shakai,6
3017,Shivaan,6
3017,Shivam,6
3017,Shloimy,6
3017,Shlok,6
3017,Shuaib,6
3017,Siddhartha,6
3017,Sidharth,6
3017,Siem,6
3017,Sky,6
3017,Soham,6
3017,Sonny-James,6
3017,Steve,6
3017,Suhaan,6
3017,Suhaib,6
3017,Syon,6
3017,Tahsin,6
3017,Tanaka,6
3017,Tarran,6
3017,Tayon,6
3017,Teghveer,6
3017,Theoden,6
3017,Thomas-John,6
3017,Timotej,6
3017,Tommie-Lee,6
3017,Tommy-George,6
3017,Tory,6
3017,Trae,6
3017,Tyrell,6
3017,Tyron,6
3017,Udayveer,6
3017,Uriah,6
3017,Vasil,6
3017,Vasile,6
3017,Veeran,6
3017,Viaansh,6
3017,Vinnie-James,6
3017,Vivan,6
3017,Wael,6
3017,Wassim,6
3017,Watson,6
3017,Wil,6
3017,Wulfric,6
3017,Wylder,6
3017,Xzavier,6
3017,Yacob,6
3017,Yahia,6
3017,Yakup,6
3017,Yameen,6
3017,Yaqoub,6
3017,Yaser,6
3017,Yassen,6
3017,Yazeed,6
3017,Zackaria,6
3017,Zade,6
3017,Zaeem,6
3017,Zahi,6
3017,Zakari,6
3017,Zakk,6
3017,Zaman,6
3017,Zechariah,6
3017,Zeyad,6
3017,Ziyan,6
3017,Zohair,6
3017,Zubayr,6
3017,Zulqarnain,6
3451,A,5
3451,A-Jay,5
3451,Aaden,5
3451,Aadhav,5
3451,Aadhiran,5
3451,Aanav,5
3451,Aaqil,5
3451,Aarlo,5
3451,Abdoul,5
3451,Abdur-Raheem,5
3451,Abhay,5
3451,Abhimanyu,5
3451,Abhiram,5
3451,Abid,5
3451,Abner,5
3451,Abu-Hurairah,5
3451,Acre,5
3451,Adebayo,5
3451,Adeen,5
3451,Ademola,5
3451,Adiyan,5
3451,Adonay,5
3451,Advay,5
3451,Aether,5
3451,Afan,5
3451,Agambir,5
3451,Agamdeep,5
3451,Aharan,5
3451,Ainsley,5
3451,Akaran,5
3451,Akeel,5
3451,Akos,5
3451,Akshay,5
3451,Albee,5
3451,Alen,5
3451,Alesio,5
3451,Alexios,5
3451,Alf,5
3451,Alfie-Joe,5
3451,Alfie-John,5
3451,Alfie-Lee,5
3451,Ali-Asghar,5
3451,Aloysius,5
3451,Amani,5
3451,Amanuel,5
3451,Amare,5
3451,Amiri,5
3451,An,5
3451,Anant,5
3451,Anastasios,5
3451,Anish,5
3451,Ansi,5
3451,Anthony-James,5
3451,Antonios,5
3451,Aria,5
3451,Aries,5
3451,Ariston,5
3451,Aristotelis,5
3451,Arlan,5
3451,Arli,5
3451,Arlo-Gray,5
3451,Arlo-Lee,5
3451,Arsha,5
3451,Arthur-Thomas,5
3451,Artyom,5
3451,Asees,5
3451,Aser,5
3451,Asil,5
3451,Atif,5
3451,Atreyu,5
3451,Avan,5
3451,Axell,5
3451,Ayce,5
3451,Ayodeji,5
3451,Azeez,5
3451,Bailee,5
3451,Baker,5
3451,Bayley,5
3451,Beaux,5
3451,Beorn,5
3451,Beren,5
3451,Berish,5
3451,Billie,5
3451,Blayne,5
3451,Bleddyn,5
3451,Blessing,5
3451,Boiken,5
3451,Bora,5
3451,Bran,5
3451,Brennan,5
3451,Bright,5
3451,Brodey,5
3451,Bron,5
3451,Bruk,5
3451,Bugsy,5
3451,Cadan,5
3451,Cailan,5
3451,Caine,5
3451,Cairon,5
3451,Calen,5
3451,Camron,5
3451,Carson-James,5
3451,Carter-Ray,5
3451,Casey-James,5
3451,Catalin,5
3451,Cavalli,5
3451,Charlie-James,5
3451,Charlie-Jay,5
3451,Charvik,5
3451,Chibueze,5
3451,Chibuikem,5
3451,Colby-Lee,5
3451,Connah,5
3451,Cooper-James,5
3451,Cub,5
3451,Daire,5
3451,Daiwik,5
3451,Damion,5
3451,Dana,5
3451,Danial,5
3451,Daniil,5
3451,Danilo,5
3451,Danyaal,5
3451,Daryan,5
3451,Daryl,5
3451,Dastan,5
3451,David-James,5
3451,Daxon,5
3451,Daya,5
3451,Deimantas,5
3451,Dennie,5
3451,Dhiaan,5
3451,Dhilan,5
3451,Dhiyan,5
3451,Dian,5
3451,Diljot,5
3451,Dilsher,5
3451,Dima,5
3451,Dinis,5
3451,Diyon,5
3451,Domantas,5
3451,Dontay,5
3451,Donte,5
3451,Edin,5
3451,Ediz,5
3451,Edson,5
3451,Eisah,5
3451,Eithan,5
3451,Ekampreet,5
3451,Elchonon,5
3451,Eleazar,5
3451,Elfyn,5
3451,Eliah,5
3451,Eliam,5
3451,Elijah-Jay,5
3451,Elion,5
3451,Eljay,5
3451,Elroi,5
3451,Elroy,5
3451,Emeka,5
3451,Emils,5
3451,Emmet,5
3451,Emory,5
3451,Emris,5
3451,Enda,5
3451,Ennio,5
3451,Espen,5
3451,Esteban,5
3451,Ethan-James,5
3451,Evangelos,5
3451,Eyan,5
3451,Eyden,5
3451,Ezan,5
3451,Eze,5
3451,Falcon,5
3451,Fazal,5
3451,Ferris,5
3451,Finbarr,5
3451,Fineas,5
3451,Flavius,5
3451,Franki,5
3451,Furqan,5
3451,Gareth,5
3451,Gaurav,5
3451,Gethyn,5
3451,Glauk,5
3451,Grigore,5
3451,Gursanjh,5
3451,Gyan,5
3451,Haarith,5
3451,Haashir,5
3451,Hadid,5
3451,Haleem,5
3451,Harith,5
3451,Harkirat,5
3451,Harnoor,5
3451,Haron,5
3451,Henos,5
3451,Hershel,5
3451,Hiyaan,5
3451,Hridaan,5
3451,Hunter-Ray,5
3451,Hussam,5
3451,Hussnain,5
3451,Hyder,5
3451,Iacov,5
3451,Iancu,5
3451,Iasonas,5
3451,Ikechukwu,5
3451,Ikenna,5
3451,Iliyas,5
3451,Ilyaan,5
3451,Imad,5
3451,Indi,5
3451,Iolo,5
3451,Irfan,5
3451,Is'Haq,5
3451,Isak,5
3451,Isma'Il,5
3451,Istvan,5
3451,Ivaylo,5
3451,Iyan,5
3451,Jabari,5
3451,Jahkai,5
3451,Jahmiel,5
3451,Jamie-Lee,5
3451,Jashan,5
3451,Jasim,5
3451,Jaskirat,5
3451,Jaxson-James,5
3451,Jaxton,5
3451,Jay-Junior,5
3451,Jayden-John,5
3451,Jayen,5
3451,Jaziel,5
3451,Jenish,5
3451,Jeremi,5
3451,Jeriah,5
3451,Jericho,5
3451,Jerzy,5
3451,Joban,5
3451,Joey-James,5
3451,John-Henry,5
3451,John-Junior,5
3451,Jojo,5
3451,Jonnie,5
3451,Jora,5
3451,Juno,5
3451,Kaci,5
3451,Kaihan,5
3451,Kaio,5
3451,Kaion,5
3451,Kairan,5
3451,Kairos,5
3451,Kaizen,5
3451,Kamden,5
3451,Kamsiyochi,5
3451,Kanav,5
3451,Karlo,5
3451,Karlos,5
3451,Karman,5
3451,Kashai,5
3451,Kassian,5
3451,Kavani,5
3451,Kaveer,5
3451,Kavish,5
3451,Kaycen,5
3451,Kayode,5
3451,Kebron,5
3451,Keith,5
3451,Kellan,5
3451,Kelly,5
3451,Kenley,5
3451,Kennedy,5
3451,Keoni,5
3451,Keshav,5
3451,Khaleed,5
3451,Kieron,5
3451,Kipp,5
3451,Kiro,5
3451,Kishan,5
3451,Koji,5
3451,Kojo,5
3451,Krid,5
3451,Krishan,5
3451,Ksawery,5
3451,Kyon,5
3451,Kysen,5
3451,Lakai,5
3451,Lalo,5
3451,Lamin,5
3451,Lawrie,5
3451,Layton-James,5
3451,Lemmy,5
3451,Leonid,5
3451,Levent,5
3451,Levi-James,5
3451,Liam-Junior,5
3451,Lian,5
3451,Lincoln-James,5
3451,Liviu,5
3451,Llewyn,5
3451,Lochlainn,5
3451,Logan-John,5
3451,Lotanna,5
3451,Lowe,5
3451,Lowell,5
3451,Luca-Jay,5
3451,Lynden,5
3451,Macs,5
3451,Mahmood,5
3451,Majed,5
3451,Majesty,5
3451,Makaio,5
3451,Malaki,5
3451,Mali,5
3451,Malikai,5
3451,Malikye,5
3451,Maliq,5
3451,Manvik,5
3451,Marcu,5
3451,Markel,5
3451,Martino,5
3451,Mason-Jay,5
3451,Massimiliano,5
3451,Matisse,5
3451,Matt,5
3451,Maxen,5
3451,Maxie,5
3451,Mayank,5
3451,Mikaal,5
3451,Mikah,5
3451,Mikhaeel,5
3451,Mikiyas,5
3451,Millan,5
3451,Miraj,5
3451,Mirko,5
3451,Mohab,5
3451,Moksh,5
3451,Montagu,5
3451,Mordche,5
3451,Mordecai,5
3451,Motiejus,5
3451,Motti,5
3451,Mu'Adh,5
3451,Muaadh,5
3451,Muawiyah,5
3451,Muhammad-Azaan,5
3451,Muhammad-Eesa,5
3451,Mussie,5
3451,Nabi,5
3451,Naftoli,5
3451,Naftuli,5
3451,Naher,5
3451,Naitik,5
3451,Nakoa,5
3451,Nasser,5
3451,Navid,5
3451,Nectarie,5
3451,Neeko,5
3451,Nehan,5
3451,Nikan,5
3451,Nima,5
3451,Nino,5
3451,Nishan,5
3451,Norbert,5
3451,Nosson,5
3451,Nouh,5
3451,Nour,5
3451,Oakley-Rae,5
3451,Oaklyn,5
3451,Obadiah,5
3451,Obrempong,5
3451,Octavius,5
3451,Olli,5
3451,Oluwademilade,5
3451,Oluwanifemi,5
3451,Oluwatimilehin,5
3451,Omarion,5
3451,Orhaan,5
3451,Oryn,5
3451,Osher,5
3451,Owi,5
3451,Pacey,5
3451,Padraig,5
3451,Pamir,5
3451,Paolo,5
3451,Pascal,5
3451,Paul-Junior,5
3451,Perrin,5
3451,Pesach,5
3451,Peter-James,5
3451,Pierce,5
3451,Piran,5
3451,Qaim,5
3451,Quintin,5
3451,Radek,5
3451,Raff,5
3451,Raffael,5
3451,Rafik,5
3451,Raihan,5
3451,Rain,5
3451,Rajvir,5
3451,Ramadan,5
3451,Ramiro,5
3451,Randy,5
3451,Rapha,5
3451,Rasheed,5
3451,Ratmir,5
3451,Ratu,5
3451,Raylan,5
3451,Raylen,5
3451,Raym,5
3451,Rayn,5
3451,Rayun,5
3451,Reese,5
3451,Reggy,5
3451,Reis,5
3451,Remel,5
3451,Rexford,5
3451,Rhion,5
3451,Rishabh,5
3451,Rishik,5
3451,Roary,5
3451,Robby,5
3451,Robson,5
3451,Robyn,5
3451,Roe,5
3451,Roen,5
3451,Romie,5
3451,Ronel,5
3451,Rory-James,5
3451,Rou,5
3451,Rovan,5
3451,Saahil,5
3451,Saami,5
3451,Sabir,5
3451,Sachin,5
3451,Saheim,5
3451,Saifullah,5
3451,Salahuddeen,5
3451,Saliou,5
3451,Samarveer,5
3451,Samay,5
3451,Sartaaj,5
3451,Sartaj,5
3451,Sathvik,5
3451,Sayhan,5
3451,Senna,5
3451,Sergiu,5
3451,Seyon,5
3451,Shahid,5
3451,Shahmeer,5
3451,Shakeel,5
3451,Shakur,5
3451,Shivan,5
3451,Shoaib,5
3451,Shreyas,5
3451,Siam,5
3451,Simas,5
3451,Sire,5
3451,Sofian,5
3451,Sohaib,5
3451,Spike,5
3451,Sriyansh,5
3451,Sruli,5
3451,Stoyan,5
3451,Sufiyaan,5
3451,Sulaimaan,5
3451,Sulieman,5
3451,Sutton,5
3451,Sylas,5
3451,Sylvan,5
3451,T-Jay,5
3451,Taif,5
3451,Tajveer,5
3451,Tane,5
3451,Taner,5
3451,Tanish,5
3451,Tawhid,5
3451,Taye,5
3451,Teddie-James,5
3451,Teddy-Jay,5
3451,Teddy-Joe,5
3451,Teodoras,5
3451,Terrence,5
3451,Thabit,5
3451,Theophilus,5
3451,Thorin,5
3451,Timo,5
3451,Timofey,5
3451,Tinashe,5
3451,Tommy-Dean,5
3451,Tommylee,5
3451,Umer,5
3451,Usamah,5
3451,Uwais,5
3451,Vakaris,5
3451,Valerio,5
3451,Vardaan,5
3451,Vedanth,5
3451,Vernon,5
3451,Virat,5
3451,Viren,5
3451,Vishnu,5
3451,Vittorio,5
3451,Wafi,5
3451,Walt,5
3451,Willoughby,5
3451,Wissam,5
3451,Witold,5
3451,Wyn,5
3451,Wynn,5
3451,Wynter,5
3451,Yaakov,5
3451,Yaasir,5
3451,Yahye,5
3451,Yamin,5
3451,Yann,5
3451,Yared,5
3451,Yashwin,5
3451,Yazn,5
3451,Yishai,5
3451,Yosief,5
3451,Yuel,5
3451,Yunes,5
3451,Zacari,5
3451,Zackariah,5
3451,Zahan,5
3451,Zakir,5
3451,Zalan,5
3451,Zayon,5
3451,Zed,5
3451,Zein,5
3451,Zekai,5
3451,Zeon,5
3451,Zeph,5
3451,Zeyaan,5
3451,Zuhair,5
3990,Aaban,4
3990,Aadit,4
3990,Aahad,4
3990,Aahid,4
3990,Aakash,4
3990,Aakif,4
3990,Aarian,4
3990,Aaryav,4
3990,Aaryn,4
3990,Abdifatah,4
3990,Abdimalik,4
3990,Abdoulaye,4
3990,Abdoulie,4
3990,Abdul-Hakeem,4
3990,Abdul-Malik,4
3990,Abdul-Rehman,4
3990,Abdulwahab,4
3990,Abdurrahim,4
3990,Abdurrahmaan,4
3990,Abuzar,4
3990,Abyan,4
3990,Achilleas,4
3990,Adedamola,4
3990,Adedeji,4
3990,Adeeb,4
3990,Adhiraj,4
3990,Adiyat,4
3990,Aeson,4
3990,Afrahim,4
3990,Ahan,4
3990,Ahiyaan,4
3990,Aiyaz,4
3990,Ajaib,4
3990,Akari,4
3990,Aki,4
3990,Aksh,4
3990,Akshayan,4
3990,Alakai,4
3990,Albie-Jack,4
3990,Albie-Jax,4
3990,Alborz,4
3990,Aleksei,4
3990,Alexandro,4
3990,Alfie-Jack,4
3990,Alhaji,4
3990,Alihan,4
3990,Allen,4
3990,Altay,4
3990,Amad,4
3990,Amadeo,4
3990,Amadeus,4
3990,Amaro,4
3990,Amarri,4
3990,Amaziah,4
3990,Ammaar,4
3990,Amr,4
3990,Amraj,4
3990,Andrej,4
3990,Angelos,4
3990,Anthony-John,4
3990,Anvay,4
3990,Aqeel,4
3990,Archi,4
3990,Archit,4
3990,Archy,4
3990,Arib,4
3990,Arik,4
3990,Arius,4
3990,Arlee,4
3990,Arlind,4
3990,Arlis,4
3990,Armandas,4
3990,Armando,4
3990,Arry,4
3990,Arta,4
3990,Arte,4
3990,Arth,4
3990,Arthen,4
3990,Arthor,4
3990,Arthur-Lee,4
3990,Arti,4
3990,Arto,4
3990,Arveer,4
3990,Arwin,4
3990,Asael,4
3990,Asen,4
3990,Asfand,4
3990,Asger,4
3990,Asha,4
3990,Ashley-Junior,4
3990,Asif,4
3990,Aslam,4
3990,Atanas,4
3990,Ates,4
3990,Athavan,4
3990,Atley,4
3990,Audley,4
3990,Auron,4
3990,Auryn,4
3990,Austyn,4
3990,Avaan,4
3990,Aven,4
3990,Avesta,4
3990,Avin,4
3990,Avyay,4
3990,Ayo,4
3990,Ayomikun,4
3990,Ayuub,4
3990,Azahel,4
3990,Azam,4
3990,Azel,4
3990,Azmi,4
3990,Bailey-James,4
3990,Balraj,4
3990,Balthazar,4
3990,Bane,4
3990,Basit,4
3990,Batu,4
3990,Bay,4
3990,Bayan,4
3990,Baylee,4
3990,Benediktas,4
3990,Beni,4
3990,Benyameen,4
3990,Berkan,4
3990,Berkay,4
3990,Bertrand,4
3990,Bhargav,4
3990,Bhodi,4
3990,Billy-Lee,4
3990,Billy-Ray,4
3990,Blaize,4
3990,Bless,4
3990,Bluey,4
3990,Bobby-George,4
3990,Bodey,4
3990,Borislav,4
3990,Bowe,4
3990,Boycie,4
3990,Bramwell,4
3990,Brodee,4
3990,Broden,4
3990,Brodhi,4
3990,Buckley,4
3990,Buddie,4
3990,Buraq,4
3990,Buruk,4
3990,Caeleb,4
3990,Caelen,4
3990,Caerwyn,4
3990,Callahan,4
3990,Carmello,4
3990,Carsen,4
3990,Carter-Jae,4
3990,Cassiel,4
3990,Cathal,4
3990,Cato,4
3990,Cavani,4
3990,Cecil,4
3990,Cedar,4
3990,Chad,4
3990,Chadwick,4
3990,Charlee,4
3990,Charlie-Joe,4
3990,Chester-Lee,4
3990,Chidera,4
3990,Christo,4
3990,Chukwuka,4
3990,Cihan,4
3990,Ciro,4
3990,Clive,4
3990,Coban,4
3990,Cobe,4
3990,Codee,4
3990,Colton-Lee,4
3990,Corbyn,4
3990,Courtney,4
3990,Cristi,4
3990,Cruiz,4
3990,Csongor,4
3990,Cyril,4
3990,Daithi,4
3990,Dakari,4
3990,Daniel-James,4
3990,Dannylee,4
3990,Daris,4
3990,Darshan,4
3990,Davian,4
3990,David-Alexandru,4
3990,Dawsey,4
3990,Daylen,4
3990,Deegan,4
3990,Deep,4
3990,Deian,4
3990,Deinas,4
3990,Deividas,4
3990,Denislav,4
3990,Deonte,4
3990,Derin,4
3990,Devlin,4
3990,Devonte,4
3990,Dewan,4
3990,Dhanush,4
3990,Dhillon,4
3990,Dhrish,4
3990,Dhruva,4
3990,Diamond,4
3990,Dilanas,4
3990,Dino,4
3990,Divit,4
3990,Dom,4
3990,Domenic,4
3990,Doug,4
3990,Dovydas,4
3990,Drae,4
3990,Drin,4
3990,Dudley,4
3990,Dwij,4
3990,Ean,4
3990,Earl,4
3990,Easah,4
3990,Ebrima,4
3990,Echo,4
3990,Ederson,4
3990,Edvin,4
3990,Ehsaan,4
3990,Eissa,4
3990,Eitan,4
3990,Elden,4
3990,Elham,4
3990,Elie,4
3990,Elija,4
3990,Eliud,4
3990,Eliya,4
3990,Emaan,4
3990,Emmerson,4
3990,Eniola,4
3990,Ennis,4
3990,Eno,4
3990,Erald,4
3990,Erdem,4
3990,Erikas,4
3990,Ertugrul,4
3990,Esam,4
3990,Essien,4
3990,Ethaniel,4
3990,Evans,4
3990,Excel,4
3990,Eyal,4
3990,Ezekiah,4
3990,Ezriel,4
3990,Fadi,4
3990,Fahd,4
3990,Faraz,4
3990,Fareed,4
3990,Fariz,4
3990,Faustas,4
3990,Fawaz,4
3990,Feroze,4
3990,Finley-George,4
3990,Firas,4
3990,Fraiser,4
3990,Frankie-James,4
3990,Frankie-Jay,4
3990,Freddie-Joe,4
3990,Freddie-John,4
3990,Fredi,4
3990,Friedrich,4
3990,Fyfe,4
3990,Fynnley,4
3990,Gabriels,4
3990,Geordie,4
3990,Georgy,4
3990,Ghulam,4
3990,Gibril,4
3990,Giovani,4
3990,Grady,4
3990,Grantas,4
3990,Gryffyn,4
3990,Guntaj,4
3990,Gurbaj,4
3990,Gurjaap,4
3990,Gurmukh,4
3990,Gursahib,4
3990,Gwern,4
3990,Gwyn,4
3990,Haider-Ali,4
3990,Halil,4
3990,Hanaan,4
3990,Hanan,4
3990,Hao,4
3990,Harbor,4
3990,Hargun,4
3990,Harish,4
3990,Harjas,4
3990,Harleigh,4
3990,Harrai,4
3990,Harry-Jay,4
3990,Hart,4
3990,Hashem,4
3990,Haze,4
3990,Hektor,4
3990,Helios,4
3990,Hendricks,4
3990,Hendrik,4
3990,Henson,4
3990,Hiyan,4
3990,Holland,4
3990,Hridhaan,4
3990,Hristian,4
3990,Huckleberry,4
3990,Hugo-George,4
3990,Humayl,4
3990,Humayun,4
3990,Huzayfah,4
3990,Iacob,4
3990,Iain,4
3990,Ibraaheem,4
3990,Ibrahima,4
3990,Icarus,4
3990,Idriss,4
3990,Ikram,4
3990,Ilian,4
3990,Ilie,4
3990,Ilijah,4
3990,Imaan,4
3990,Imam,4
3990,Imani,4
3990,Iniyan,4
3990,Iretomiwa,4
3990,Isaac-James,4
3990,Isaias,4
3990,Ishar,4
3990,Iulian,4
3990,Iven,4
3990,Iverson,4
3990,Izrael,4
3990,Jabbar,4
3990,Jabir,4
3990,Jabril,4
3990,Jackson-John,4
3990,Jacob-Lee,4
3990,Jacson,4
3990,Jaeden,4
3990,Jafar,4
3990,Jahaan,4
3990,Jahlani,4
3990,Jaikaar,4
3990,Jairus,4
3990,Jake-Junior,4
3990,Jama,4
3990,Janek,4
3990,Jannik,4
3990,Janos,4
3990,Japnoor,4
3990,Jaron,4
3990,Jaskaran,4
3990,Jastin,4
3990,Jathniel,4
3990,Jaylon,4
3990,Jedaiah,4
3990,Jenson-James,4
3990,Jesper,4
3990,Jessy,4
3990,Jet,4
3990,Jibran,4
3990,Jimmy-Lee,4
3990,Jimmydean,4
3990,Jobey,4
3990,Jody,4
3990,Johnjoe,4
3990,Jolyon,4
3990,Jona,4
3990,Joni,4
3990,Jools,4
3990,Jordan-James,4
3990,Jordy,4
3990,Jorvan,4
3990,Joseph-Junior,4
3990,Julio,4
3990,Jun,4
3990,Kaamil,4
3990,Kaeson,4
3990,Kailum,4
3990,Kainan,4
3990,Kairen,4
3990,Kaiyen,4
3990,Kajetan,4
3990,Kalin,4
3990,Kallen,4
3990,Kamani,4
3990,Kamarli,4
3990,Kanishk,4
3990,Karson-James,4
3990,Karter-Jay,4
3990,Kasra,4
3990,Kayen,4
3990,Kaylem,4
3990,Kazi,4
3990,Keegan-Lee,4
3990,Kei,4
3990,Kelechi,4
3990,Kelson,4
3990,Khairo,4
3990,Khaleb,4
3990,Khalif,4
3990,Khalifah,4
3990,Khurram,4
3990,Kiari,4
3990,Kielan,4
3990,Kimani,4
3990,Kirin,4
3990,Kirtan,4
3990,Kitto,4
3990,Klesti,4
3990,Koan,4
3990,Koban,4
3990,Kobi-Lee,4
3990,Kol,4
3990,Kordian,4
3990,Kristo,4
3990,Krisztian,4
3990,Kwadwo,4
3990,Kwame,4
3990,Kwasi,4
3990,Laike,4
3990,Laksh,4
3990,Lavelle,4
3990,Layken,4
3990,Layland,4
3990,Lefi,4
3990,Lenny-Joe,4
3990,Lenny-Lee,4
3990,Leslie,4
3990,Lester,4
3990,Levin,4
3990,Levon,4
3990,Liban,4
3990,Linas,4
3990,Lincoln-Lee,4
3990,Lincon,4
3990,Llion,4
3990,Locksley,4
3990,Lorenz,4
3990,Louen,4
3990,Loukas,4
3990,Luai,4
3990,Lucan,4
3990,Lucas-Gabriel,4
3990,Luen,4
3990,Lui,4
3990,Luiz,4
3990,Lupo,4
3990,M,4
3990,Macen,4
3990,Madden,4
3990,Mahmud,4
3990,Makbel,4
3990,Maks,4
3990,Maksym,4
3990,Malachai,4
3990,Malakye,4
3990,Manas,4
3990,Mansoor,4
3990,Mantej,4
3990,Mantra,4
3990,Marat,4
3990,Marceli,4
3990,Mard,4
3990,Marks,4
3990,Maros,4
3990,Martyn,4
3990,Martynas,4
3990,Matei-Gabriel,4
3990,Matti,4
3990,Matty,4
3990,Maxon,4
3990,Mckinley,4
3990,Mehar,4
3990,Meilir,4
3990,Mendel,4
3990,Michael-Lee,4
3990,Mieszko,4
3990,Mihaan,4
3990,Mihran,4
3990,Mikayeel,4
3990,Milad,4
3990,Minhaj,4
3990,Miron,4
3990,Mitansh,4
3990,Moeez,4
3990,Mohammed-Zakariya,4
3990,Mohamud,4
3990,Momodou,4
3990,Morley,4
3990,Mosiah,4
3990,Mourad,4
3990,Muaad,4
3990,Mubin,4
3990,Muhammad-Eisa,4
3990,Muhammad-Mustafa,4
3990,Muhammadali,4
3990,Mumin,4
3990,Munib,4
3990,Mustaqeem,4
3990,Mutasim,4
3990,Mycah,4
3990,Nadar,4
3990,Nadir,4
3990,Naftali,4
3990,Nakai,4
3990,Naly,4
3990,Naman,4
3990,Nasri,4
3990,Nathanial,4
3990,Neal,4
3990,Neithan,4
3990,Nevaan,4
3990,Neville,4
3990,Nhyira,4
3990,Nicco,4
3990,Niccolo,4
3990,Nicolas-Andrei,4
3990,Nidhaan,4
3990,Nii,4
3990,Nikesh,4
3990,Nils,4
3990,Nischay,4
3990,Niyam,4
3990,Noah-George,4
3990,Noah-John,4
3990,Noh,4
3990,Nur,4
3990,Oaken,4
3990,Oakley-Blu,4
3990,Oakley-George,4
3990,Oakley-John,4
3990,Oakly,4
3990,Oday,4
3990,Odyn,4
3990,Odysseas,4
3990,Odysseus,4
3990,Olin,4
3990,Oluwadamilare,4
3990,Oluwadamilola,4
3990,Oluwadunsin,4
3990,Oluwaferanmi,4
3990,Oluwafifehanmi,4
3990,Oluwalonimi,4
3990,Oluwasemilore,4
3990,Oluwatimileyin,4
3990,Oluwatise,4
3990,Omi,4
3990,Omran,4
3990,Onur,4
3990,Orian,4
3990,Orlo,4
3990,Oscar-Lee,4
3990,Oshan,4
3990,Oshin,4
3990,Ostin,4
3990,Oumar,4
3990,Oziah,4
3990,Paisley,4
3990,Panayiotis,4
3990,Paramvir,4
3990,Parker-Lee,4
3990,Pat,4
3990,Pau,4
3990,Paulie,4
3990,Pavan,4
3990,Pavlos,4
3990,Petr,4
3990,Pijus,4
3990,Pinchos,4
3990,Poseidon,4
3990,Prabhjot,4
3990,Prem,4
3990,Preston-Lee,4
3990,Qazi,4
3990,Quade,4
3990,Qusai,4
3990,Radin,4
3990,Radley,4
3990,Radwan,4
3990,Raffaello,4
3990,Rafid,4
3990,Rahi,4
3990,Rahil,4
3990,Rahman,4
3990,Rainer,4
3990,Rakai,4
3990,Ralfs,4
3990,Ramone,4
3990,Ramsay,4
3990,Ramzi,4
3990,Randall,4
3990,Rasan,4
3990,Rashed,4
3990,Redford,4
3990,Refoel,4
3990,Reggi,4
3990,Rehmat,4
3990,Remell,4
3990,Reuban,4
3990,Revan,4
3990,Reyaansh,4
3990,Reyon,4
3990,Rhun,4
3990,Rhylee,4
3990,Riain,4
3990,Riaz,4
3990,Ricco,4
3990,Ridaan,4
3990,Rien,4
3990,Riku,4
3990,Riley-John,4
3990,Rishav,4
3990,Rivah,4
3990,River-Blu,4
3990,Rodi,4
3990,Roham,4
3990,Roko,4
3990,Roman-Jay,4
3990,Romano,4
3990,Romell,4
3990,Ron,4
3990,Ronak,4
3990,Ronit,4
3990,Ronnie-Joe,4
3990,Ronnie-Ray,4
3990,Roque,4
3990,Rosario,4
3990,Rossi,4
3990,Ruadhan,4
3990,Ruslan,4
3990,Ruthvik,4
3990,Ryleigh,4
3990,Ryo,4
3990,Sa'Ad,4
3990,Saafir,4
3990,Saahas,4
3990,Saahir,4
3990,Saajan,4
3990,Saber,4
3990,Safin,4
3990,Sahas,4
3990,Saiyan,4
3990,Salar,4
3990,Samad,4
3990,Samik,4
3990,Samveer,4
3990,Sanav,4
3990,Sandy,4
3990,Sarang,4
3990,Sarvan,4
3990,Satvik,4
3990,Saud,4
3990,Sava,4
3990,Savio,4
3990,Scout,4
3990,Se,4
3990,Sekou,4
3990,Sennen,4
3990,Serafin,4
3990,Serge,4
3990,Serigne,4
3990,Seven,4
3990,Shadi,4
3990,Shaheer,4
3990,Shahwaiz,4
3990,Shahzaib,4
3990,Shaikh,4
3990,Shaka,4
3990,Shaquille,4
3990,Sharif,4
3990,Sheriff,4
3990,Shiro,4
3990,Shiven,4
3990,Shray,4
3990,Shulem,4
3990,Shyam,4
3990,Sian,4
3990,Siyam,4
3990,Siyan,4
3990,Skylar,4
3990,Sofiane,4
3990,Sohrab,4
3990,Somtochukwu,4
3990,Sotiris,4
3990,Soufiane,4
3990,Souleymane,4
3990,Stewart,4
3990,Suhail,4
3990,Suheyb,4
3990,Sukhman,4
3990,Syre,4
3990,Syrus,4
3990,Tadgh,4
3990,Taeo,4
3990,Tahmeed,4
3990,Taika,4
3990,Tallis,4
3990,Tameem,4
3990,Tamjeed,4
3990,Tanay,4
3990,Tanveer,4
3990,Tauras,4
3990,Tayan,4
3990,Tegid,4
3990,Tegveer,4
3990,Teifi,4
3990,Temitayo,4
3990,Tennyson,4
3990,Tenzin,4
3990,Teoman,4
3990,Teon,4
3990,Terrell,4
3990,Thanos,4
3990,Theo-Joshua,4
3990,Theo-Lee,4
3990,Tiam,4
3990,Tibor,4
3990,Titan,4
3990,Tito,4
3990,Tobias-James,4
3990,Toby-James,4
3990,Toby-Lee,4
3990,Tobyn,4
3990,Toluwanimi,4
3990,Tomass,4
3990,Tommy-Junior,4
3990,Tor,4
3990,Torren,4
3990,Turan,4
3990,Tylan,4
3990,Tyr,4
3990,Tyrion,4
3990,Uchenna,4
3990,Ugochukwu,4
3990,Ugur,4
3990,Uras,4
3990,Usama,4
3990,Vaibhav,4
3990,Vance,4
3990,Vasco,4
3990,Vir,4
3990,Vishruth,4
3990,Vitali,4
3990,Vladislav,4
3990,Vyan,4
3990,Wahaj,4
3990,Walid,4
3990,Wasim,4
3990,Wilber,4
3990,Wilfie,4
3990,Willow,4
3990,Xavian,4
3990,Xaviar,4
3990,Xavion,4
3990,Yafet,4
3990,Yago,4
3990,Yanky,4
3990,Yansh,4
3990,Yaqeen,4
3990,Yasen,4
3990,Yazdan,4
3990,Yekta,4
3990,Yeshaya,4
3990,Yiddy,4
3990,Yona,4
3990,Yonah,4
3990,Yusaf,4
3990,Yusif,4
3990,Yuven,4
3990,Yuvraaj,4
3990,Zahkai,4
3990,Zaim,4
3990,Zaiyaan,4
3990,Zakareya,4
3990,Zakariyyah,4
3990,Zakriya,4
3990,Zamin,4
3990,Zanyar,4
3990,Zaroon,4
3990,Zealand,4
3990,Zebediah,4
3990,Zehaan,4
3990,Zehan,4
3990,Zenon,4
3990,Zhyon,4
3990,Ziaan,4
3990,Zikora,4
3990,Zlatko,4
3990,Zoltan,4
3990,Zubin,4
3990,Zuhayr,4
3990,Zunair,4
3990,Zyair,4
4789,Aadiv,3
4789,Aajay,3
4789,Aamer,3
4789,Aaraf,3
4789,Aarash,3
4789,Aaroh,3
4789,Aarudh,3
4789,Aarun,3
4789,Aarvin,3
4789,Aasem,3
4789,Aashir,3
4789,Aashrith,3
4789,Aavi,3
4789,Abanob,3
4789,Abd,3
4789,Abdel,3
4789,Abdishakur,3
4789,Abdul-Mateen,3
4789,Abdul-Rahim,3
4789,Abdul-Sami,3
4789,Abdulahi,3
4789,Abdulkadir,3
4789,Abdulsamad,3
4789,Abdulwali,3
4789,Abeer,3
4789,Abel-Jax,3
4789,Abhijot,3
4789,Abhinav,3
4789,Abhiraj,3
4789,Abie,3
4789,Aboubacar,3
4789,Abrahim,3
4789,Abrian,3
4789,Absalom,3
4789,Abubacarr,3
4789,Abubaker,3
4789,Aceson,3
4789,Ada,3
4789,Adama,3
4789,Adar,3
4789,Adebare,3
4789,Adeoluwa,3
4789,Adhiyan,3
4789,Adhrith,3
4789,Adison,3
4789,Adnaan,3
4789,Adom,3
4789,Adrianas,3
4789,Adrians,3
4789,Afaan,3
4789,Afnaan,3
4789,Afolabi,3
4789,Agaran,3
4789,Ahsaan,3
4789,Ahyaan,3
4789,Aiden-James,3
4789,Aidric,3
4789,Ailbe,3
4789,Aimen,3
4789,Aithan,3
4789,Aiyan,3
4789,Aiyden,3
4789,Ajmal,3
4789,Akay,3
4789,Akbar,3
4789,Akhil,3
4789,Akilan,3
4789,Akin,3
4789,Al-Amin,3
4789,Alanas,3
4789,Alben,3
4789,Albert-James,3
4789,Albie-Beau,3
4789,Alby-Lee,3
4789,Aldous,3
4789,Aldrin,3
4789,Aleczander,3
4789,Aleksandrs,3
4789,Aleksej,3
4789,Aleksey,3
4789,Aleksi,3
4789,Alexandar,3
4789,Alfie-William,3
4789,Alhassan,3
4789,Alieu,3
4789,Alishan,3
4789,Aliyas,3
4789,Alper,3
4789,Alperen,3
4789,Altan,3
4789,Alvar,3
4789,Alyas,3
4789,Amadou,3
4789,Amedeo,3
4789,Amiel,3
4789,Amitai,3
4789,Amitoj,3
4789,Amrik,3
4789,Andile,3
4789,Andrew-James,3
4789,Andrew-John,3
4789,Andrius,3
4789,Anhad,3
4789,Anik,3
4789,Anmol,3
4789,Antek,3
4789,Anthony-Junior,3
4789,Araoluwa,3
4789,Arbaaz,3
4789,Archibold,3
4789,Archie-Daniel,3
4789,Archie-John,3
4789,Ardie,3
4789,Arees,3
4789,Arfan,3
4789,Ariaan,3
4789,Aric,3
4789,Arjen,3
4789,Arjunan,3
4789,Arlin,3
4789,Arlo-Jai,3
4789,Arly,3
4789,Arnas,3
4789,Arqam,3
4789,Arren,3
4789,Arsal,3
4789,Arsam,3
4789,Arsenie,3
4789,Arshdeep,3
4789,Arshmaan,3
4789,Arshpreet,3
4789,Arthur-George,3
4789,Arthur-William,3
4789,Artjom,3
4789,Arush,3
4789,Arvie,3
4789,Ary,3
4789,Aryo,3
4789,Arzaan,3
4789,Ashfaq,3
4789,Ashir,3
4789,Ashish,3
4789,Ashvin,3
4789,Aswin,3
4789,Athiran,3
4789,Atilla,3
4789,Attlee,3
4789,Auben,3
4789,Aubin,3
4789,Audie,3
4789,Aum,3
4789,Aurele,3
4789,Aurelian,3
4789,Avinash,3
4789,Aviraaj,3
4789,Avitaaz,3
4789,Avner,3
4789,Avraam,3
4789,Awaab,3
4789,Awad,3
4789,Awil,3
4789,Aws,3
4789,Axel-James,3
4789,Axle,3
4789,Axon,3
4789,Ayen,3
4789,Ayobami,3
4789,Ayodele,3
4789,Ayon,3
4789,Ayron,3
4789,Ayson,3
4789,Ayvan,3
4789,Ayzaan,3
4789,Azar,3
4789,Azarel,3
4789,Azayah,3
4789,Azer,3
4789,Bailey-Jay,3
4789,Balaaj,3
4789,Balaj,3
4789,Bam,3
4789,Bana,3
4789,Banksy,3
4789,Barclay,3
4789,Barsam,3
4789,Bartley,3
4789,Bartlomiej,3
4789,Basem,3
4789,Bashir,3
4789,Bashkim,3
4789,Baz,3
4789,Bazil,3
4789,Bear-Beau,3
4789,Bedwyr,3
4789,Behram,3
4789,Bekir,3
4789,Bela,3
4789,Belal,3
4789,Benedek,3
4789,Benedikt,3
4789,Benni,3
4789,Berat,3
4789,Bert,3
4789,Berty,3
4789,Berwyn,3
4789,Betzalel,3
4789,Bezalel,3
4789,Bhagat,3
4789,Bihaan,3
4789,Billy-James,3
4789,Billy-Jay,3
4789,Billyjoe,3
4789,Blade,3
4789,Blakeley,3
4789,Blazej,3
4789,Bobby-Jack,3
4789,Bohdan,3
4789,Bohdie,3
4789,Bojidar,3
4789,Bolan,3
4789,Boran,3
4789,Bowden,3
4789,Boyd,3
4789,Braidy,3
4789,Brandon-Lee,3
4789,Brayden-Lee,3
4789,Brennen,3
4789,Brixton,3
4789,Brodie-Rae,3
4789,Brody-Ray,3
4789,Brychan,3
4789,Brydon,3
4789,Buddy-Bear,3
4789,Bude,3
4789,Bulut,3
4789,Burhanuddin,3
4789,C,3
4789,Caeden,3
4789,Caian,3
4789,Cal,3
4789,Calin,3
4789,Camille,3
4789,Camren,3
4789,Canaan,3
4789,Carlton-Junior,3
4789,Carson-Jai,3
4789,Carson-Lee,3
4789,Casimir,3
4789,Cauley,3
4789,Caylan,3
4789,Caylen,3
4789,Caylus,3
4789,Cellan,3
4789,Chaitanya,3
4789,Charan,3
4789,Charlie-John,3
4789,Chaudhry,3
4789,Cheikh,3
4789,Cheskel,3
4789,Chester-James,3
4789,Chiagoziem,3
4789,Chidiebube,3
4789,Chidubem,3
4789,Chigozirim,3
4789,Chimdindu,3
4789,Chinedu,3
4789,Christ,3
4789,Christofer,3
4789,Christopher-Junior,3
4789,Chukwuebuka,3
4789,Chukwuemeka,3
4789,Cieran,3
4789,Cinar,3
4789,Claye,3
4789,Clayton-James,3
4789,Clifford,3
4789,Coby-Lee,3
4789,Cody-Leigh,3
4789,Colby-James,3
4789,Coleton,3
4789,Collins,3
4789,Colm,3
4789,Colman,3
4789,Conlan,3
4789,Connall,3
4789,Costantino,3
4789,Cruise,3
4789,Cuthbert,3
4789,Cyro,3
4789,D'Andre,3
4789,Daanish,3
4789,Daley,3
4789,Dalton-James,3
4789,Damian-Andrei,3
4789,Damilare,3
4789,Daneer,3
4789,Daniele,3
4789,Danielis,3
4789,Danylo,3
4789,Darien,3
4789,Darion,3
4789,Darius-Andrei,3
4789,Darnell,3
4789,Darrin,3
4789,Dashiel,3
4789,Dastin,3
4789,David-Junior,3
4789,David-Stefan,3
4789,Davy,3
4789,Davyn,3
4789,Dayan,3
4789,Deaglan,3
4789,Deandre,3
4789,Deivids,3
4789,Del,3
4789,Delton,3
4789,Demian,3
4789,Demid,3
4789,Demilade,3
4789,Denby,3
4789,Deniel,3
4789,Deniro,3
4789,Denis-Ionut,3
4789,Dennis-John,3
4789,Denys,3
4789,Deontae,3
4789,Deryn,3
4789,Deshawn,3
4789,Deus,3
4789,Devarsh,3
4789,Devis,3
4789,Devyan,3
4789,Deyan,3
4789,Dhru,3
4789,Dhruvansh,3
4789,Dhven,3
4789,Dhyaan,3
4789,Diaco,3
4789,Diako,3
4789,Dilawar,3
4789,Divyan,3
4789,Diyako,3
4789,Diyor,3
4789,Django,3
4789,Dmitri,3
4789,Dmitry,3
4789,Dominic-Andrei,3
4789,Dominic-Ionut,3
4789,Don,3
4789,Dovi,3
4789,Drayton,3
4789,Dren,3
4789,Dru,3
4789,Duggie,3
4789,Duran,3
4789,Dusan,3
4789,Dylan-Lee,3
4789,Eashan,3
4789,Ebubechi,3
4789,Edi,3
4789,Edon,3
4789,Edrees,3
4789,Edryd,3
4789,Eduard-Stefan,3
4789,Edvinas,3
4789,Eessa,3
4789,Efosa,3
4789,Egan,3
4789,Eidan,3
4789,Eifion,3
4789,Eijaz,3
4789,Einar,3
4789,Eivor,3
4789,Ekansh,3
4789,Elbie,3
4789,Eldar,3
4789,Eleftherios,3
4789,Elhadj,3
4789,Eli-James,3
4789,Eliakim,3
4789,Eliasz,3
4789,Elijah-Blu,3
4789,Elijah-Thomas,3
4789,Elios,3
4789,Eliots,3
4789,Eliyahu,3
4789,Eloghosa,3
4789,Elohim,3
4789,Elwin,3
4789,Ely,3
4789,Emanuele,3
4789,Emeric,3
4789,Emi,3
4789,Emirhan,3
4789,Emrah,3
4789,Emyr,3
4789,Endri,3
4789,Eneko,3
4789,Enver,3
4789,Enze,3
4789,Enzo-Lee,3
4789,Ephriam,3
4789,Erez,3
4789,Erfan,3
4789,Eric-Stefan,3
4789,Erion,3
4789,Erkan,3
4789,Ermis,3
4789,Essam,3
4789,Etanas,3
4789,Ethan-Jay,3
4789,Euros,3
4789,Evansh,3
4789,Evin,3
4789,Eyaad,3
4789,Eyas,3
4789,Eydan,3
4789,Eyitayo,3
4789,Eyob,3
4789,Eyup,3
4789,Ezechiel,3
4789,Ezequiel,3
4789,Ezra-John,3
4789,Faateh,3
4789,Faelan,3
4789,Faolan,3
4789,Fardeen,3
4789,Farris,3
4789,Faruk,3
4789,Farzan,3
4789,Fayaaz,3
4789,Fayyaz,3
4789,Fedor,3
4789,Fennick,3
4789,Ferguson,3
4789,Ferran,3
4789,Findley,3
4789,Finian,3
4789,Finley-Jay,3
4789,Finley-Ray,3
4789,Finlo,3
4789,Floki,3
4789,Foday,3
4789,Foden,3
4789,Folarin,3
4789,Fraizer,3
4789,Francois,3
4789,Frankie-Joe,3
4789,Frankie-Ray,3
4789,Frantisek,3
4789,Freddi,3
4789,Freddie-George,3
4789,Fredric,3
4789,Future,3
4789,Gabe,3
4789,Gabor,3
4789,Gabrielis,3
4789,Gadi,3
4789,Gaius,3
4789,Gaston,3
4789,Geo,3
4789,George-James,3
4789,Geraint,3
4789,Ghazi,3
4789,Gintaras,3
4789,Giuliano,3
4789,Glen,3
4789,Glyn,3
4789,Glyndwr,3
4789,Gniewko,3
4789,Godstime,3
4789,Godwin,3
4789,Goran,3
4789,Govind,3
4789,Graceson,3
4789,Gracious,3
4789,Gracjan,3
4789,Graeson,3
4789,Graison,3
4789,Grayson-Jay,3
4789,Greg,3
4789,Greyson-Lee,3
4789,Griffydd,3
4789,Gryffin,3
4789,Guido,3
4789,Guillermo,3
4789,Guled,3
4789,Gulled,3
4789,Guney,3
4789,Gunner,3
4789,Guransh,3
4789,Gurmaan,3
4789,Gurnihal,3
4789,Gurniwaj,3
4789,Gurvansh,3
4789,Gurwaris,3
4789,Habeeb,3
4789,Hadlee,3
4789,Hadrian,3
4789,Hafiz,3
4789,Hagen,3
4789,Haigen,3
4789,Hakon,3
4789,Halen,3
4789,Hallam,3
4789,Halo,3
4789,Hamaad,3
4789,Hamdaan,3
4789,Hamidou,3
4789,Hamno,3
4789,Hanad,3
4789,Haneef,3
4789,Hanish,3
4789,Hannaan,3
4789,Haralambos,3
4789,Harald,3
4789,Harees,3
4789,Harjan,3
4789,Harjap,3
4789,Harland,3
4789,Harley-Joe,3
4789,Harlie,3
4789,Harlin,3
4789,Harrison-James,3
4789,Harshaan,3
4789,Hartaj,3
4789,Harvey-John,3
4789,Hasib,3
4789,Havi,3
4789,Hayan,3
4789,Haydar,3
4789,Haysam,3
4789,Hayyan,3
4789,Helio,3
4789,Hemil,3
4789,Hendry,3
4789,Henry-George,3
4789,Henry-Joe,3
4789,Henry-John,3
4789,Herb,3
4789,Hersh,3
4789,Hesam,3
4789,Hesham,3
4789,Hewad,3
4789,Hezron,3
4789,Hira,3
4789,Hirad,3
4789,Hiro,3
4789,Hishaam,3
4789,Hoang,3
4789,Hollis,3
4789,Honor,3
4789,Hoodh,3
4789,Horace,3
4789,Hristiyan,3
4789,Hudhaifa,3
4789,Hudson-Grey,3
4789,Hughey,3
4789,Humaid,3
4789,Humzah,3
4789,Hunter-Jack,3
4789,Hunter-Jax,3
4789,Hunter-Reign,3
4789,Husein,3
4789,Huthaifah,3
4789,Huxlee,3
4789,Huzayfa,3
4789,Huzayl,3
4789,Ianis-Andrei,3
4789,Ibrar,3
4789,Iden,3
4789,Idrissa,3
4789,Ifeanyichukwu,3
4789,Ihaan,3
4789,Ilham,3
4789,Illan,3
4789,Ilyes,3
4789,Imanuel,3
4789,Imisioluwa,3
4789,Inioluwa,3
4789,Isacc,3
4789,Isah,3
4789,Isaq,3
4789,Ishir,3
4789,Israr,3
4789,Isreal,3
4789,Issah,3
4789,Iyaz,3
4789,Izahaak,3
4789,Izaya,3
4789,Izhan,3
4789,Iziyah,3
4789,Izsak,3
4789,Jaad,3
4789,Jaap,3
4789,Jabez,3
4789,Jachin,3
4789,Jackson-James,3
4789,Jackson-Jay,3
4789,Jaco,3
4789,Jacob-John,3
4789,Jacobi,3
4789,Jacub,3
4789,Jade,3
4789,Jagraj,3
4789,Jah'Mari,3
4789,Jahaziel,3
4789,Jaheem,3
4789,Jaice,3
4789,Jaiden-Lee,3
4789,Jaimie,3
4789,Jair,3
4789,Jaiteg,3
4789,Jaivir,3
4789,Jakey,3
4789,Jakobi,3
4789,Jaks,3
4789,Jaksh,3
4789,Jaleel,3
4789,Jarnail,3
4789,Jarrod,3
4789,Jaspar,3
4789,Jasveer,3
4789,Javan,3
4789,Javi,3
4789,Jaxon-Gray,3
4789,Jaxsen,3
4789,Jaxson-Jay,3
4789,Jaxson-Lee,3
4789,Jaxson-Leigh,3
4789,Jayaan,3
4789,Jaycen,3
4789,Jayveer,3
4789,Jazz,3
4789,Jedd,3
4789,Jefferson,3
4789,Jeffery,3
4789,Jenson-Jay,3
4789,Jenson-John,3
4789,Jeremiasz,3
4789,Jersey,3
4789,Jesus,3
4789,Jevon,3
4789,Jiaan,3
4789,Jibrael,3
4789,Jibrail,3
4789,Jimmy-Dean,3
4789,Jin,3
4789,Jo,3
4789,Joakim,3
4789,Joan,3
4789,Jocelyn,3
4789,John-Joseph,3
4789,John-William,3
4789,Johnboy,3
4789,Johnson,3
4789,Jonasz,3
4789,Jones,3
4789,Jonjo,3
4789,Jordyn,3
4789,Jory,3
4789,Joseff,3
4789,Joseph-James,3
4789,Joules,3
4789,Jovani,3
4789,Joy,3
4789,Julen,3
4789,Juliano,3
4789,Junior-Jay,3
4789,Junior-John,3
4789,Kabel,3
4789,Kaben,3
4789,Kace,3
4789,Kaceson,3
4789,Kadir,3
4789,Kai-James,3
4789,Kai-Junior,3
4789,Kaiden-Lee,3
4789,Kaidyn,3
4789,Kaiel,3
4789,Kainen,3
4789,Kaj,3
4789,Kalem,3
4789,Kalil,3
4789,Kallan,3
4789,Kallum,3
4789,Kamai,3
4789,Kameron,3
4789,Kamsiyochukwu,3
4789,Kanye,3
4789,Kaos,3
4789,Karson-Lee,3
4789,Kartik,3
4789,Kashif,3
4789,Kaviraj,3
4789,Kayden-Jay,3
4789,Kayden-John,3
4789,Kayden-Ray,3
4789,Kayson-James,3
4789,Kayvan,3
4789,Kayvon,3
4789,Kazeem,3
4789,Keane,3
4789,Keeran,3
4789,Keeyan,3
4789,Keian,3
4789,Keilan,3
4789,Keion,3
4789,Ken,3
4789,Kenechi,3
4789,Kenzie-Lee,3
4789,Kenzo-Lee,3
4789,Keo,3
4789,Kerr,3
4789,Keven,3
4789,Kevins,3
4789,Keyon,3
4789,Khaalid,3
4789,Khaleal,3
4789,Khaleef,3
4789,Khaleem,3
4789,Khali,3
4789,Khamari,3
4789,Khattab,3
4789,Khizer,3
4789,Khizr,3
4789,Khoa,3
4789,Khuzaimah,3
4789,Khylo,3
4789,Kiaansh,3
4789,Kiefer,3
4789,Kimari,3
4789,Kinsley,3
4789,Klevis,3
4789,Knight,3
4789,Knoxx,3
4789,Kobe-Lee,3
4789,Kobee,3
4789,Kobimtochukwu,3
4789,Konan,3
4789,Konnor,3
4789,Koppany,3
4789,Korede,3
4789,Kori,3
4789,Kory,3
4789,Kosisochukwu,3
4789,Koven,3
4789,Kray,3
4789,Kreed,3
4789,Krew,3
4789,Kris,3
4789,Kristofers,3
4789,Kristopher,3
4789,Kristupas,3
4789,Krithin,3
4789,Krum,3
4789,Kumayl,3
4789,Kundai,3
4789,Kwaku,3
4789,Kydan,3
4789,Kyrell,3
4789,Kyrese,3
4789,Kyri,3
4789,Kyriakos,3
4789,Kyron-James,3
4789,Kyza,3
4789,Laiken,3
4789,Laine,3
4789,Lajos,3
4789,Lamar,3
4789,Lamari,3
4789,Lameck,3
4789,Lamiek,3
4789,Lander,3
4789,Laris,3
4789,Larkin,3
4789,Lateef,3
4789,Laurent,3
4789,Lavie,3
4789,Layad,3
4789,Lazer,3
4789,Leeland,3
4789,Leeson,3
4789,Legacy,3
4789,Leib,3
4789,Lemar,3
4789,Lemi,3
4789,Len,3
4789,Lenny-George,3
4789,Lenox,3
4789,Leo-Jay,3
4789,Leofric,3
4789,Leone,3
4789,Leto,3
4789,Levan,3
4789,Levelle,3
4789,Lew,3
4789,Lewyn,3
4789,Lexon,3
4789,Leylan,3
4789,Lincoln-Jay,3
4789,Linken,3
4789,Linkoln,3
4789,Lion,3
4789,Lleu,3
4789,Lleyton,3
4789,Loay,3
4789,Lochlin,3
4789,Lockley,3
4789,Locklyn,3
4789,Logan-Jay,3
4789,Lomax,3
4789,Lomond,3
4789,Lorenc,3
4789,Lorenzo-James,3
4789,Lorne,3
4789,Louay,3
4789,Louca,3
4789,Lovell,3
4789,Luca-Andrei,3
4789,Luca-Bleu,3
4789,Luca-Gabriel,3
4789,Luca-Matei,3
4789,Lucah,3
4789,Lucas-Jay,3
4789,Lucky,3
4789,Lukass,3
4789,Lundy,3
4789,Luyanda,3
4789,Lyall,3
4789,Lyden,3
4789,Lyric,3
4789,Maaran,3
4789,Madoc,3
4789,Mahadi,3
4789,Mahan,3
4789,Mahbeer,3
4789,Mahin,3
4789,Mahrez,3
4789,Malakhi,3
4789,Malone,3
4789,Malyk,3
4789,Mamadu,3
4789,Manase,3
4789,Manjot,3
4789,Manmeet,3
4789,Mannan,3
4789,Manraaj,3
4789,Mansa,3
4789,Mansur,3
4789,Mantaj,3
4789,Mardin,3
4789,Mari,3
4789,Maris,3
4789,Marley-Ray,3
4789,Marlie,3
4789,Marvellous,3
4789,Masood,3
4789,Masroor,3
4789,Matei-Andrei,3
4789,Matthew-Junior,3
4789,Matus,3
4789,Matvii,3
4789,Maui,3
4789,Mauro,3
4789,Maven,3
4789,Maximum,3
4789,Mayar,3
4789,Mazn,3
4789,Mehrab,3
4789,Mei,3
4789,Meilech,3
4789,Meirion,3
4789,Mendi,3
4789,Meran,3
4789,Merrick,3
4789,Meshal,3
4789,Michael-John,3
4789,Michalis,3
4789,Michelangelo,3
4789,Michele,3
4789,Miciah,3
4789,Mick,3
4789,Mihailo,3
4789,Mihaly,3
4789,Mihir,3
4789,Mika'Eel,3
4789,Mikai,3
4789,Mikal,3
4789,Mikias,3
4789,Mikkel,3
4789,Million,3
4789,Milton,3
4789,Mina,3
4789,Ming,3
4789,Mio,3
4789,Miraz,3
4789,Mircea,3
4789,Misha,3
4789,Mishael,3
4789,Mitchel,3
4789,Mithush,3
4789,Mjay,3
4789,Moataz,3
4789,Moayad,3
4789,Moaz,3
4789,Modou,3
4789,Mohammed-Aahil,3
4789,Mohammed-Ibrahim,3
4789,Mohammed-Zayaan,3
4789,Mohaned,3
4789,Mohmmed,3
4789,Mohummad,3
4789,Mojtaba,3
4789,Montie,3
4789,Mordy,3
4789,Muawiya,3
4789,Muhammad-Abdullah,3
4789,Muhammad-Adam,3
4789,Muhammad-Amin,3
4789,Muhammad-Deen,3
4789,Muhammad-Hadi,3
4789,Muhammad-Hamza,3
4789,Muhammad-Haris,3
4789,Muhammad-Hassan,3
4789,Muhammad-Ibrahim,3
4789,Muhammad-Ismaeel,3
4789,Muhammad-Qasim,3
4789,Muhammad-Uzair,3
4789,Muhammed-Eesa,3
4789,Muhammed-Mustafa,3
4789,Muhammod,3
4789,Muhanad,3
4789,Muneeb,3
4789,Murat,3
4789,Murtaaz,3
4789,Myan,3
4789,Myley,3
4789,Nabhan,3
4789,Nader,3
4789,Naetochukwu,3
4789,Nahom,3
4789,Nami,3
4789,Namit,3
4789,Naryan,3
4789,Nature,3
4789,Navin,3
4789,Nawab,3
4789,Nawaf,3
4789,Nazar,3
4789,Nazareth,3
4789,Nazario,3
4789,Nebi,3
4789,Nedw,3
4789,Neer,3
4789,Neidas,3
4789,Neko,3
4789,Neriah,3
4789,Nesta,3
4789,Netanel,3
4789,Nevin,3
4789,Nicodem,3
4789,Nicolai,3
4789,Nieko,3
4789,Nikko,3
4789,Niraj,3
4789,Nirwan,3
4789,Niven,3
4789,Niyan,3
4789,Noah-Jay,3
4789,Noan,3
4789,Nofal,3
4789,Norris,3
4789,Nuel,3
4789,Numair,3
4789,Numan,3
4789,O'Shae,3
4789,Obada,3
4789,Obaid,3
4789,Ocean-Blu,3
4789,Odai,3
4789,Oghenemaro,3
4789,Oghenetega,3
4789,Oghosa,3
4789,Olamiposi,3
4789,Olaoluwa,3
4789,Olek,3
4789,Olen,3
4789,Oliver-Thomas,3
4789,Ollie-Jay,3
4789,Ollie-Ray,3
4789,Oluwajomiloju,3
4789,Oluwashindara,3
4789,Oluwatoni,3
4789,Omkar,3
4789,Omotayo,3
4789,Ondrej,3
4789,Onisim,3
4789,Onkar,3
4789,Oreoluwa,3
4789,Orfeas,3
4789,Osariemen,3
4789,Osayd,3
4789,Oscar-George,3
4789,Oshen,3
4789,Oskars,3
4789,Osmond,3
4789,Ossie,3
4789,Osten,3
4789,Oto,3
4789,Ovi,3
4789,Ozer,3
4789,Ozwald,3
4789,Paarth,3
4789,Paavan,3
4789,Panth,3
4789,Paramveer,3
4789,Parin,3
4789,Parker-James,3
4789,Parsa,3
4789,Patrick-Joseph,3
4789,Patsy,3
4789,Peniel,3
4789,Percie,3
4789,Pharaoh,3
4789,Pharrell,3
4789,Phelix,3
4789,Philo,3
4789,Phoenyx,3
4789,Pini,3
4789,Pius,3
4789,Plamen,3
4789,Porter,3
4789,Prabh,3
4789,Praneel,3
4789,Pranit,3
4789,Pransh,3
4789,Presley-James,3
4789,Priyan,3
4789,Qamar,3
4789,Quincey,3
4789,R'Mari,3
4789,Raahim,3
4789,Radomir,3
4789,Radoslav,3
4789,Radvin,3
4789,Raegan,3
4789,Raei,3
4789,Raf,3
4789,Rafail,3
4789,Rafan,3
4789,Raffee,3
4789,Raffey,3
4789,Rahand,3
4789,Rahat,3
4789,Raheesh,3
4789,Raid,3
4789,Raith,3
4789,Raiyaan,3
4789,Rajdeep,3
4789,Rakeem,3
4789,Rakshan,3
4789,Rama,3
4789,Ramari,3
4789,Ramazan,3
4789,Ramel,3
4789,Ramiah,3
4789,Ramneek,3
4789,Ramos,3
4789,Ramzy,3
4789,Rand,3
4789,Ranell,3
4789,Ranulph,3
4789,Raphie,3
4789,Raqeeb,3
4789,Raresh,3
4789,Rasa,3
4789,Rashad,3
4789,Rauf,3
4789,Raunak,3
4789,Raury,3
4789,Ravel,3
4789,Rayane,3
4789,Rayann,3
4789,Raydan,3
4789,Rayon,3
4789,Razin,3
4789,Rean,3
4789,Reean,3
4789,Reehan,3
4789,Reeko,3
4789,Reeyan,3
4789,Reggie-Rae,3
4789,Reian,3
4789,Reiss,3
4789,Remai,3
4789,Remie,3
4789,Remmi,3
4789,Remmy,3
4789,Remo,3
4789,Renji,3
4789,Rennie,3
4789,Rennon,3
4789,Renny,3
4789,Reuben-George,3
4789,Reuven,3
4789,Rexx,3
4789,Reynard,3
4789,Reyyan,3
4789,Rhoman,3
4789,Rhuben,3
4789,Rhudi,3
4789,Riad,3
4789,Ridhan,3
4789,Ridhwan,3
4789,Ridit,3
4789,Ridwaan,3
4789,Rifat,3
4789,Riggs,3
4789,Righteous,3
4789,Rilee,3
4789,Riley-George,3
4789,Rio-James,3
4789,Riva,3
4789,River-Bleu,3
4789,River-Blue,3
4789,River-James,3
4789,Rivers,3
4789,Rocket,3
4789,Rockie,3
4789,Romaan,3
4789,Romai,3
4789,Romain,3
4789,Roman-George,3
4789,Roman-John,3
4789,Roman-Ray,3
4789,Romany,3
4789,Romello,3
4789,Romelo,3
4789,Ronav,3
4789,Ronni,3
4789,Ronnie-George,3
4789,Rorey,3
4789,Roven,3
4789,Rowyn,3
4789,Royan,3
4789,Ru,3
4789,Ruban,3
4789,Rubyn,3
4789,Rudey,3
4789,Rudolf,3
4789,Rudraksh,3
4789,Rudyard,3
4789,Rueben-James,3
4789,Ruel,3
4789,Ruhan,3
4789,Rumaan,3
4789,Rumen,3
4789,Rusty,3
4789,Ryka,3
4789,Rylen,3
4789,Ryver,3
4789,Saabir,3
4789,Saarim,3
4789,Sabastian,3
4789,Sabin,3
4789,Sahal,3
4789,Sahand,3
4789,Sahim,3
4789,Sahl,3
4789,Saiansh,3
4789,Saifuddin,3
4789,Saiyed,3
4789,Sajan,3
4789,Sajed,3
4789,Sajjad,3
4789,Saketh,3
4789,Salahudin,3
4789,Salmaan,3
4789,Samael,3
4789,Samarpreet,3
4789,Samatar,3
4789,Sameh,3
4789,Samyar,3
4789,Sanaf,3
4789,Sandor,3
4789,Santo,3
4789,Santos,3
4789,Sanveer,3
4789,Saran,3
4789,Sarfaraz,3
4789,Saro,3
4789,Sarvin,3
4789,Sasho,3
4789,Sayid,3
4789,Sayyed,3
4789,Sayyid,3
4789,Sebastiano,3
4789,Sebian,3
4789,Seeley,3
4789,Sehej,3
4789,Sehj,3
4789,Senay,3
4789,Seva,3
4789,Sevyn,3
4789,Sha,3
4789,Shafi,3
4789,Shaheen,3
4789,Shahraiz,3
4789,Shamar,3
4789,Shamari,3
4789,Shammah,3
4789,Sharo,3
4789,Shaun-Junior,3
4789,Shazim,3
4789,Shehryar,3
4789,Shemar,3
4789,Shimen,3
4789,Shimshi,3
4789,Shiva,3
4789,Shivang,3
4789,Shivesh,3
4789,Shivin,3
4789,Shmaya,3
4789,Sholom,3
4789,Shraga,3
4789,Shrithik,3
4789,Shriyaan,3
4789,Shubh,3
4789,Shubham,3
4789,Shuraim,3
4789,Shylo,3
4789,Sidak,3
4789,Siddhant,3
4789,Silver,3
4789,Silvio,3
4789,Simbarashe,3
4789,Sirat,3
4789,Sirius,3
4789,Skender,3
4789,Soel,3
4789,Sohum,3
4789,Sonny-Lee,3
4789,Sora,3
4789,Souleyman,3
4789,Sparsh,3
4789,Spyridon,3
4789,Sri,3
4789,Sriansh,3
4789,Srihith,3
4789,Sriram,3
4789,Srithik,3
4789,Stanlee,3
4789,Steele,3
4789,Stefanut,3
4789,Suhan,3
4789,Suhayb,3
4789,Surafel,3
4789,Suraj,3
4789,Tae,3
4789,Tahmid,3
4789,Taigh,3
4789,Taison,3
4789,Taite,3
4789,Tajvir,3
4789,Talon,3
4789,Tanishq,3
4789,Tanush,3
4789,Tapiwa,3
4789,Tarek,3
4789,Tarian,3
4789,Tarik,3
4789,Taro,3
4789,Tashfeen,3
4789,Tauheed,3
4789,Tavian,3
4789,Tawheed,3
4789,Tayden,3
4789,Tayem,3
4789,Tayvon,3
4789,Teddy-George,3
4789,Teifion,3
4789,Tejveer,3
4789,Teodoro,3
4789,Teodors,3
4789,Tervel,3
4789,Thady,3
4789,Thai,3
4789,Thane,3
4789,Tharun,3
4789,Theeran,3
4789,Theo-George,3
4789,Theo-Jay,3
4789,Theodosios,3
4789,Theophile,3
4789,Theseus,3
4789,Thomas-Jay,3
4789,Thomas-Junior,3
4789,Thorfinn,3
4789,Tiano,3
4789,Tibo,3
4789,Tidus,3
4789,Tighe,3
4789,Tigran,3
4789,Timmy,3
4789,Tino,3
4789,Tinotenda,3
4789,Tirenioluwa,3
4789,Tobechukwu,3
4789,Tobiah,3
4789,Tod,3
4789,Todor,3
4789,Tommy-Jack,3
4789,Tommy-Leigh,3
4789,Tony-Junior,3
4789,Toren,3
4789,Torrin,3
4789,Treeve,3
4789,Treyton,3
4789,Treyvon,3
4789,Tru,3
4789,Tyce,3
4789,Tylar,3
4789,Tylen,3
4789,Tyler-John,3
4789,Tyreece,3
4789,Tyrelle,3
4789,Tytus,3
4789,Ubay,3
4789,Ugo,3
4789,Uhtred,3
4789,Ultan,3
4789,Uraz,3
4789,Urhan,3
4789,Uri,3
4789,Vaidik,3
4789,Varad,3
4789,Vaughn,3
4789,Velislav,3
4789,Vidhaan,3
4789,Viktoras,3
4789,Viransh,3
4789,Viven,3
4789,Vladut,3
4789,Vraj,3
4789,Vrishank,3
4789,Vukan,3
4789,Wahaaj,3
4789,Ward,3
4789,Warwick,3
4789,Waylon,3
4789,Wealth,3
4789,Westley,3
4789,Williams,3
4789,Willis,3
4789,Wisam,3
4789,Wray,3
4789,Xaiden,3
4789,Xion,3
4789,Yacoub,3
4789,Yacqub,3
4789,Yair,3
4789,Yaksh,3
4789,Yani,3
4789,Yanislav,3
4789,Yavuz,3
4789,Yaw,3
4789,Yeshayahu,3
4789,Yeshua,3
4789,Yichen,3
4789,Yisrael,3
4789,Yoab,3
4789,Yoseph,3
4789,Yosif,3
4789,Yu,3
4789,Yuchen,3
4789,Yuliyan,3
4789,Yunay,3
4789,Yuvin,3
4789,Zaavi,3
4789,Zachariyah,3
4789,Zackariyah,3
4789,Zael,3
4789,Zafar,3
4789,Zaheer,3
4789,Zahiyan,3
4789,Zai,3
4789,Zainuddin,3
4789,Zakiah,3
4789,Zakkary,3
4789,Zakwan,3
4789,Zameer,3
4789,Zana,3
4789,Zanda,3
4789,Zareef,3
4789,Zarif,3
4789,Zaryan,3
4789,Zay,3
4789,Zaylen,3
4789,Zeb,3
4789,Zekiel,3
4789,Zennon,3
4789,Zente,3
4789,Zeyan,3
4789,Zihan,3
4789,Zinedeen,3
4789,Ziya,3
4789,Ziyah,3
4789,Ziyu,3
4789,Zlatan,3
4789,Zsombor,3
4789,Zuhaan,3
4789,Zuko,3
4789,Zy'Aire,3